card name,file,url
"Akroma, Angel of Wrath","1W_Akroma,-Angel-of-Wrath_scans.jpg",https://raw.githubusercontent.com/dazeyama/klug-alters/main/1W_Akroma%2C-Angel-of-Wrath_scans.jpg
Angel of Serenity,1W_Angel-of-Serenity_insta_cropped.jpg,https://raw.githubusercontent.com/dazeyama/klug-alters/main/1W_Angel-of-Serenity_insta_cropped.jpg
"Archangel Avacyn // Avacyn, the Purifier","1W_Archangel-Avacyn-Avacyn,-the-Purifier_collages_cards.jpg",https://raw.githubusercontent.com/dazeyama/klug-alters/main/1W_Archangel-Avacyn-Avacyn%2C-the-Purifier_collages_cards.jpg
Archangel of Thune,1W_Archangel-of-Thune_scans.jpg,https://raw.githubusercontent.com/dazeyama/klug-alters/main/1W_Archangel-of-Thune_scans.jpg
Armageddon,1W_Armageddon-2_scans.jpg,https://raw.githubusercontent.com/dazeyama/klug-alters/main/1W_Armageddon-2_scans.jpg
Armageddon,1W_Armageddon-3_scans.jpg,https://raw.githubusercontent.com/dazeyama/klug-alters/main/1W_Armageddon-3_scans.jpg
Armageddon,1W_Armageddon-4_scans.jpg,https://raw.githubusercontent.com/dazeyama/klug-alters/main/1W_Armageddon-4_scans.jpg
Armageddon,1W_Armageddon-5_scans.jpg,https://raw.githubusercontent.com/dazeyama/klug-alters/main/1W_Armageddon-5_scans.jpg
Armageddon,1W_Armageddon-6_scans.jpg,https://raw.githubusercontent.com/dazeyama/klug-alters/main/1W_Armageddon-6_scans.jpg
Armageddon,1W_Armageddon_scans.jpg,https://raw.githubusercontent.com/dazeyama/klug-alters/main/1W_Armageddon_scans.jpg
"Avacyn, Angel of Hope","1W_Avacyn,-Angel-of-Hope-2_scans.jpg",https://raw.githubusercontent.com/dazeyama/klug-alters/main/1W_Avacyn%2C-Angel-of-Hope-2_scans.jpg
"Avacyn, Angel of Hope","1W_Avacyn,-Angel-of-Hope-3_scans.jpg",https://raw.githubusercontent.com/dazeyama/klug-alters/main/1W_Avacyn%2C-Angel-of-Hope-3_scans.jpg
"Avacyn, Angel of Hope","1W_Avacyn,-Angel-of-Hope-4_scans.jpg",https://raw.githubusercontent.com/dazeyama/klug-alters/main/1W_Avacyn%2C-Angel-of-Hope-4_scans.jpg
"Avacyn, Angel of Hope","1W_Avacyn,-Angel-of-Hope-5_scans.jpg",https://raw.githubusercontent.com/dazeyama/klug-alters/main/1W_Avacyn%2C-Angel-of-Hope-5_scans.jpg
"Avacyn, Angel of Hope","1W_Avacyn,-Angel-of-Hope_scans.jpg",https://raw.githubusercontent.com/dazeyama/klug-alters/main/1W_Avacyn%2C-Angel-of-Hope_scans.jpg
"Balan, Wandering Knight","1W_Balan,-Wandering-Knight_scans.jpg",https://raw.githubusercontent.com/dazeyama/klug-alters/main/1W_Balan%2C-Wandering-Knight_scans.jpg
Balance,1W_Balance-2_scans.jpg,https://raw.githubusercontent.com/dazeyama/klug-alters/main/1W_Balance-2_scans.jpg
Balance,1W_Balance-3_scans.jpg,https://raw.githubusercontent.com/dazeyama/klug-alters/main/1W_Balance-3_scans.jpg
Baneslayer Angel,1W_Baneslayer-Angel_scans.jpg,https://raw.githubusercontent.com/dazeyama/klug-alters/main/1W_Baneslayer-Angel_scans.jpg
Cataclysm,1W_Cataclysm_scans.jpg,https://raw.githubusercontent.com/dazeyama/klug-alters/main/1W_Cataclysm_scans.jpg
Decree of Justice,1W_Decree-of-Justice_scans.jpg,https://raw.githubusercontent.com/dazeyama/klug-alters/main/1W_Decree-of-Justice_scans.jpg
Disenchant,1W_Disenchant_scans.jpg,https://raw.githubusercontent.com/dazeyama/klug-alters/main/1W_Disenchant_scans.jpg
Eight-and-a-Half-Tails,1W_Eight-and-a-Half-Tails_scans.jpg,https://raw.githubusercontent.com/dazeyama/klug-alters/main/1W_Eight-and-a-Half-Tails_scans.jpg
"Elesh Norn, Grand Cenobite","1W_Elesh-Norn,-Grand-Cenobite-2_scans.jpg",https://raw.githubusercontent.com/dazeyama/klug-alters/main/1W_Elesh-Norn%2C-Grand-Cenobite-2_scans.jpg
"Elesh Norn, Grand Cenobite","1W_Elesh-Norn,-Grand-Cenobite-3_scans.jpg",https://raw.githubusercontent.com/dazeyama/klug-alters/main/1W_Elesh-Norn%2C-Grand-Cenobite-3_scans.jpg
"Elesh Norn, Grand Cenobite","1W_Elesh-Norn,-Grand-Cenobite_scans.jpg",https://raw.githubusercontent.com/dazeyama/klug-alters/main/1W_Elesh-Norn%2C-Grand-Cenobite_scans.jpg
"Elspeth, Knight-Errant","1W_Elspeth,-Knight-Errant_insta_cropped.jpg",https://raw.githubusercontent.com/dazeyama/klug-alters/main/1W_Elspeth%2C-Knight-Errant_insta_cropped.jpg
"Elspeth, Sun's Champion","1W_Elspeth,-Sun's-Champion-2_scans.jpg",https://raw.githubusercontent.com/dazeyama/klug-alters/main/1W_Elspeth%2C-Sun%27s-Champion-2_scans.jpg
"Elspeth, Sun's Champion","1W_Elspeth,-Sun's-Champion-3_scans.jpg",https://raw.githubusercontent.com/dazeyama/klug-alters/main/1W_Elspeth%2C-Sun%27s-Champion-3_scans.jpg
"Elspeth, Sun's Champion","1W_Elspeth,-Sun's-Champion_scans.jpg",https://raw.githubusercontent.com/dazeyama/klug-alters/main/1W_Elspeth%2C-Sun%27s-Champion_scans.jpg
Elspeth Tirel,1W_Elspeth-Tirel_collages_cards.jpg,https://raw.githubusercontent.com/dazeyama/klug-alters/main/1W_Elspeth-Tirel_collages_cards.jpg
Emeria Shepherd,1W_Emeria-Shepherd_scans.jpg,https://raw.githubusercontent.com/dazeyama/klug-alters/main/1W_Emeria-Shepherd_scans.jpg
Enlightened Tutor,1W_Enlightened-Tutor-2_scans.jpg,https://raw.githubusercontent.com/dazeyama/klug-alters/main/1W_Enlightened-Tutor-2_scans.jpg
Enlightened Tutor,1W_Enlightened-Tutor_scans.jpg,https://raw.githubusercontent.com/dazeyama/klug-alters/main/1W_Enlightened-Tutor_scans.jpg
Farewell,1W_Farewell-2_scans.jpg,https://raw.githubusercontent.com/dazeyama/klug-alters/main/1W_Farewell-2_scans.jpg
Final Judgment,1W_Final-Judgment-3_scans.jpg,https://raw.githubusercontent.com/dazeyama/klug-alters/main/1W_Final-Judgment-3_scans.jpg
Final Showdown,1W_Final-Showdown-2_scans.jpg,https://raw.githubusercontent.com/dazeyama/klug-alters/main/1W_Final-Showdown-2_scans.jpg
Gideon Jura,1W_Gideon-Jura_collages_cards.jpg,https://raw.githubusercontent.com/dazeyama/klug-alters/main/1W_Gideon-Jura_collages_cards.jpg
"Iona, Shield of Emeria","1W_Iona,-Shield-of-Emeria-2_scans.jpg",https://raw.githubusercontent.com/dazeyama/klug-alters/main/1W_Iona%2C-Shield-of-Emeria-2_scans.jpg
"Iona, Shield of Emeria","1W_Iona,-Shield-of-Emeria_scans.jpg",https://raw.githubusercontent.com/dazeyama/klug-alters/main/1W_Iona%2C-Shield-of-Emeria_scans.jpg
"Isamaru, Hound of Konda","1W_Isamaru,-Hound-of-Konda_scans.jpg",https://raw.githubusercontent.com/dazeyama/klug-alters/main/1W_Isamaru%2C-Hound-of-Konda_scans.jpg
Karmic Guide,1W_Karmic-Guide_scans.jpg,https://raw.githubusercontent.com/dazeyama/klug-alters/main/1W_Karmic-Guide_scans.jpg
"Kemba, Kha Regent","1W_Kemba,-Kha-Regent_scans.jpg",https://raw.githubusercontent.com/dazeyama/klug-alters/main/1W_Kemba%2C-Kha-Regent_scans.jpg
"Kenrith, the Returned King","1W_Kenrith,-the-Returned-King-2_insta_cropped.jpg",https://raw.githubusercontent.com/dazeyama/klug-alters/main/1W_Kenrith%2C-the-Returned-King-2_insta_cropped.jpg
"Kenrith, the Returned King","1W_Kenrith,-the-Returned-King-4_scans.jpg",https://raw.githubusercontent.com/dazeyama/klug-alters/main/1W_Kenrith%2C-the-Returned-King-4_scans.jpg
Lingering Souls,1W_Lingering-Souls_scans.jpg,https://raw.githubusercontent.com/dazeyama/klug-alters/main/1W_Lingering-Souls_scans.jpg
"Linvala, Keeper of Silence","1W_Linvala,-Keeper-of-Silence-2_scans.jpg",https://raw.githubusercontent.com/dazeyama/klug-alters/main/1W_Linvala%2C-Keeper-of-Silence-2_scans.jpg
"Linvala, Keeper of Silence","1W_Linvala,-Keeper-of-Silence_scans.jpg",https://raw.githubusercontent.com/dazeyama/klug-alters/main/1W_Linvala%2C-Keeper-of-Silence_scans.jpg
Little Girl,1W_Little-Girl_scans.jpg,https://raw.githubusercontent.com/dazeyama/klug-alters/main/1W_Little-Girl_scans.jpg
Lyra Dawnbringer,1W_Lyra-Dawnbringer_scans.jpg,https://raw.githubusercontent.com/dazeyama/klug-alters/main/1W_Lyra-Dawnbringer_scans.jpg
Moat,1W_Moat-2_scans.jpg,https://raw.githubusercontent.com/dazeyama/klug-alters/main/1W_Moat-2_scans.jpg
Moat,1W_Moat_scans.jpg,https://raw.githubusercontent.com/dazeyama/klug-alters/main/1W_Moat_scans.jpg
Momentary Blink,1W_Momentary-Blink_scans.jpg,https://raw.githubusercontent.com/dazeyama/klug-alters/main/1W_Momentary-Blink_scans.jpg
Monastery Mentor,1W_Monastery-Mentor-2_insta_cropped.jpg,https://raw.githubusercontent.com/dazeyama/klug-alters/main/1W_Monastery-Mentor-2_insta_cropped.jpg
Monastery Mentor,1W_Monastery-Mentor-3_insta_cropped.jpg,https://raw.githubusercontent.com/dazeyama/klug-alters/main/1W_Monastery-Mentor-3_insta_cropped.jpg
Monastery Mentor,1W_Monastery-Mentor_insta_cropped.jpg,https://raw.githubusercontent.com/dazeyama/klug-alters/main/1W_Monastery-Mentor_insta_cropped.jpg
Mother of Runes,1W_Mother-of-Runes-5_scans.jpg,https://raw.githubusercontent.com/dazeyama/klug-alters/main/1W_Mother-of-Runes-5_scans.jpg
Mother of Runes,1W_Mother-of-Runes-8_scans.jpg,https://raw.githubusercontent.com/dazeyama/klug-alters/main/1W_Mother-of-Runes-8_scans.jpg
Mother of Runes,1W_Mother-of-Runes_collages_cards.jpg,https://raw.githubusercontent.com/dazeyama/klug-alters/main/1W_Mother-of-Runes_collages_cards.jpg
Mother of Runes,1W_Mother-of-Runes_scans.jpg,https://raw.githubusercontent.com/dazeyama/klug-alters/main/1W_Mother-of-Runes_scans.jpg
"Nahiri, the Lithomancer","1W_Nahiri,-the-Lithomancer_insta_cropped.jpg",https://raw.githubusercontent.com/dazeyama/klug-alters/main/1W_Nahiri%2C-the-Lithomancer_insta_cropped.jpg
Path to Exile,1W_Path-to-Exile-4_scans.jpg,https://raw.githubusercontent.com/dazeyama/klug-alters/main/1W_Path-to-Exile-4_scans.jpg
Path to Exile,1W_Path-to-Exile-5_collages_cards.jpg,https://raw.githubusercontent.com/dazeyama/klug-alters/main/1W_Path-to-Exile-5_collages_cards.jpg
Path to Exile,1W_Path-to-Exile-6_insta_cropped.jpg,https://raw.githubusercontent.com/dazeyama/klug-alters/main/1W_Path-to-Exile-6_insta_cropped.jpg
Path to Exile,1W_Path-to-Exile-7_insta_cropped.jpg,https://raw.githubusercontent.com/dazeyama/klug-alters/main/1W_Path-to-Exile-7_insta_cropped.jpg
Path to Exile,1W_Path-to-Exile-8_scans.jpg,https://raw.githubusercontent.com/dazeyama/klug-alters/main/1W_Path-to-Exile-8_scans.jpg
Ravages of War,1W_Ravages-of-War_scans.jpg,https://raw.githubusercontent.com/dazeyama/klug-alters/main/1W_Ravages-of-War_scans.jpg
Reya Dawnbringer,1W_Reya-Dawnbringer_scans.jpg,https://raw.githubusercontent.com/dazeyama/klug-alters/main/1W_Reya-Dawnbringer_scans.jpg
"Sephara, Sky's Blade","1W_Sephara,-Sky's-Blade_scans.jpg",https://raw.githubusercontent.com/dazeyama/klug-alters/main/1W_Sephara%2C-Sky%27s-Blade_scans.jpg
Serra Angel,1W_Serra-Angel_scans.jpg,https://raw.githubusercontent.com/dazeyama/klug-alters/main/1W_Serra-Angel_scans.jpg
Slayer of the Wicked,1W_Slayer-of-the-Wicked_scans.jpg,https://raw.githubusercontent.com/dazeyama/klug-alters/main/1W_Slayer-of-the-Wicked_scans.jpg
Smothering Tithe,1W_Smothering-Tithe-2_collages_cards.jpg,https://raw.githubusercontent.com/dazeyama/klug-alters/main/1W_Smothering-Tithe-2_collages_cards.jpg
Squadron Hawk,1W_Squadron-Hawk-2_collages_cards.jpg,https://raw.githubusercontent.com/dazeyama/klug-alters/main/1W_Squadron-Hawk-2_collages_cards.jpg
Squadron Hawk,1W_Squadron-Hawk-3_collages_cards.jpg,https://raw.githubusercontent.com/dazeyama/klug-alters/main/1W_Squadron-Hawk-3_collages_cards.jpg
Squadron Hawk,1W_Squadron-Hawk-4_collages_cards.jpg,https://raw.githubusercontent.com/dazeyama/klug-alters/main/1W_Squadron-Hawk-4_collages_cards.jpg
Squadron Hawk,1W_Squadron-Hawk_collages_cards.jpg,https://raw.githubusercontent.com/dazeyama/klug-alters/main/1W_Squadron-Hawk_collages_cards.jpg
Stoneforge Mystic,1W_Stoneforge-Mystic_scans.jpg,https://raw.githubusercontent.com/dazeyama/klug-alters/main/1W_Stoneforge-Mystic_scans.jpg
Sun Titan,1W_Sun-Titan_insta_cropped.jpg,https://raw.githubusercontent.com/dazeyama/klug-alters/main/1W_Sun-Titan_insta_cropped.jpg
Swords to Plowshares,1W_Swords-to-Plowshares-2_scans.jpg,https://raw.githubusercontent.com/dazeyama/klug-alters/main/1W_Swords-to-Plowshares-2_scans.jpg
Swords to Plowshares,1W_Swords-to-Plowshares-4_collages_cards.jpg,https://raw.githubusercontent.com/dazeyama/klug-alters/main/1W_Swords-to-Plowshares-4_collages_cards.jpg
Swords to Plowshares,1W_Swords-to-Plowshares_scans.jpg,https://raw.githubusercontent.com/dazeyama/klug-alters/main/1W_Swords-to-Plowshares_scans.jpg
Wrath of God,1W_Wrath-of-God-4_scans.jpg,https://raw.githubusercontent.com/dazeyama/klug-alters/main/1W_Wrath-of-God-4_scans.jpg
Wrath of God,1W_Wrath-of-God-6_scans.jpg,https://raw.githubusercontent.com/dazeyama/klug-alters/main/1W_Wrath-of-God-6_scans.jpg
Wrath of God,1W_Wrath-of-God-7_scans.jpg,https://raw.githubusercontent.com/dazeyama/klug-alters/main/1W_Wrath-of-God-7_scans.jpg
Wrath of God,1W_Wrath-of-God_scans.jpg,https://raw.githubusercontent.com/dazeyama/klug-alters/main/1W_Wrath-of-God_scans.jpg
"Yosei, the Morning Star","1W_Yosei,-the-Morning-Star_scans.jpg",https://raw.githubusercontent.com/dazeyama/klug-alters/main/1W_Yosei%2C-the-Morning-Star_scans.jpg
An Offer You Can't Refuse,2U_An-Offer-You-Can't-Refuse-2_scans.jpg,https://raw.githubusercontent.com/dazeyama/klug-alters/main/2U_An-Offer-You-Can%27t-Refuse-2_scans.jpg
Ancestral Recall,2U_Ancestral-Recall-2_scans.jpg,https://raw.githubusercontent.com/dazeyama/klug-alters/main/2U_Ancestral-Recall-2_scans.jpg
Ancestral Recall,2U_Ancestral-Recall-3_scans.jpg,https://raw.githubusercontent.com/dazeyama/klug-alters/main/2U_Ancestral-Recall-3_scans.jpg
Ancestral Recall,2U_Ancestral-Recall-4_scans.jpg,https://raw.githubusercontent.com/dazeyama/klug-alters/main/2U_Ancestral-Recall-4_scans.jpg
Ancestral Recall,2U_Ancestral-Recall-6_scans.jpg,https://raw.githubusercontent.com/dazeyama/klug-alters/main/2U_Ancestral-Recall-6_scans.jpg
Ancestral Recall,2U_Ancestral-Recall-7_scans.jpg,https://raw.githubusercontent.com/dazeyama/klug-alters/main/2U_Ancestral-Recall-7_scans.jpg
Ancestral Recall,2U_Ancestral-Recall-9_scans.jpg,https://raw.githubusercontent.com/dazeyama/klug-alters/main/2U_Ancestral-Recall-9_scans.jpg
Ancestral Recall,2U_Ancestral-Recall_scans.jpg,https://raw.githubusercontent.com/dazeyama/klug-alters/main/2U_Ancestral-Recall_scans.jpg
"Azami, Lady of Scrolls","2U_Azami,-Lady-of-Scrolls-2_scans.jpg",https://raw.githubusercontent.com/dazeyama/klug-alters/main/2U_Azami%2C-Lady-of-Scrolls-2_scans.jpg
"Azami, Lady of Scrolls","2U_Azami,-Lady-of-Scrolls-3_scans.jpg",https://raw.githubusercontent.com/dazeyama/klug-alters/main/2U_Azami%2C-Lady-of-Scrolls-3_scans.jpg
Braingeyser,2U_Braingeyser_insta_cropped.jpg,https://raw.githubusercontent.com/dazeyama/klug-alters/main/2U_Braingeyser_insta_cropped.jpg
Brainstorm,2U_Brainstorm-2_scans.jpg,https://raw.githubusercontent.com/dazeyama/klug-alters/main/2U_Brainstorm-2_scans.jpg
Brainstorm,2U_Brainstorm-3_insta_cropped.jpg,https://raw.githubusercontent.com/dazeyama/klug-alters/main/2U_Brainstorm-3_insta_cropped.jpg
Brainstorm,2U_Brainstorm-3_scans.jpg,https://raw.githubusercontent.com/dazeyama/klug-alters/main/2U_Brainstorm-3_scans.jpg
Brainstorm,2U_Brainstorm-4_scans.jpg,https://raw.githubusercontent.com/dazeyama/klug-alters/main/2U_Brainstorm-4_scans.jpg
Brainstorm,2U_Brainstorm-5_scans.jpg,https://raw.githubusercontent.com/dazeyama/klug-alters/main/2U_Brainstorm-5_scans.jpg
Brainstorm,2U_Brainstorm_insta_cropped.jpg,https://raw.githubusercontent.com/dazeyama/klug-alters/main/2U_Brainstorm_insta_cropped.jpg
Brainstorm,2U_Brainstorm_scans.jpg,https://raw.githubusercontent.com/dazeyama/klug-alters/main/2U_Brainstorm_scans.jpg
Clone,2U_Clone_insta_cropped.jpg,https://raw.githubusercontent.com/dazeyama/klug-alters/main/2U_Clone_insta_cropped.jpg
Control Win Condition,2U_Control-Win-Condition_scans.jpg,https://raw.githubusercontent.com/dazeyama/klug-alters/main/2U_Control-Win-Condition_scans.jpg
Counterbalance,2U_Counterbalance-2_scans.jpg,https://raw.githubusercontent.com/dazeyama/klug-alters/main/2U_Counterbalance-2_scans.jpg
Counterbalance,2U_Counterbalance_scans.jpg,https://raw.githubusercontent.com/dazeyama/klug-alters/main/2U_Counterbalance_scans.jpg
Counterspell,2U_Counterspell-2_scans.jpg,https://raw.githubusercontent.com/dazeyama/klug-alters/main/2U_Counterspell-2_scans.jpg
Counterspell,2U_Counterspell-3_scans.jpg,https://raw.githubusercontent.com/dazeyama/klug-alters/main/2U_Counterspell-3_scans.jpg
Counterspell,2U_Counterspell-7_collages_cards.jpg,https://raw.githubusercontent.com/dazeyama/klug-alters/main/2U_Counterspell-7_collages_cards.jpg
Counterspell,2U_Counterspell-8_scans.jpg,https://raw.githubusercontent.com/dazeyama/klug-alters/main/2U_Counterspell-8_scans.jpg
Counterspell,2U_Counterspell-9_insta_cropped.jpg,https://raw.githubusercontent.com/dazeyama/klug-alters/main/2U_Counterspell-9_insta_cropped.jpg
Counterspell,2U_Counterspell_insta_cropped.jpg,https://raw.githubusercontent.com/dazeyama/klug-alters/main/2U_Counterspell_insta_cropped.jpg
Counterspell,2U_Counterspell_scans.jpg,https://raw.githubusercontent.com/dazeyama/klug-alters/main/2U_Counterspell_scans.jpg
Cryptic Command,2U_Cryptic-Command_scans.jpg,https://raw.githubusercontent.com/dazeyama/klug-alters/main/2U_Cryptic-Command_scans.jpg
Daze,2U_Daze-2_scans.jpg,https://raw.githubusercontent.com/dazeyama/klug-alters/main/2U_Daze-2_scans.jpg
Daze,2U_Daze-4_scans.jpg,https://raw.githubusercontent.com/dazeyama/klug-alters/main/2U_Daze-4_scans.jpg
Delver of Secrets // Insectile Aberration,2U_Delver-of-Secrets-Insectile-Aberration-2_collages_cards.jpg,https://raw.githubusercontent.com/dazeyama/klug-alters/main/2U_Delver-of-Secrets-Insectile-Aberration-2_collages_cards.jpg
Delver of Secrets // Insectile Aberration,2U_Delver-of-Secrets-Insectile-Aberration_collages_cards.jpg,https://raw.githubusercontent.com/dazeyama/klug-alters/main/2U_Delver-of-Secrets-Insectile-Aberration_collages_cards.jpg
Dig Through Time,2U_Dig-Through-Time_scans.jpg,https://raw.githubusercontent.com/dazeyama/klug-alters/main/2U_Dig-Through-Time_scans.jpg
Displacer Kitten,2U_Displacer-Kitten-3_scans.jpg,https://raw.githubusercontent.com/dazeyama/klug-alters/main/2U_Displacer-Kitten-3_scans.jpg
"Emry, Lurker of the Loch","2U_Emry,-Lurker-of-the-Loch_insta_cropped.jpg",https://raw.githubusercontent.com/dazeyama/klug-alters/main/2U_Emry%2C-Lurker-of-the-Loch_insta_cropped.jpg
Force of Will,2U_Force-of-Will-10_scans.jpg,https://raw.githubusercontent.com/dazeyama/klug-alters/main/2U_Force-of-Will-10_scans.jpg
Force of Will,2U_Force-of-Will-13_collages_cards.jpg,https://raw.githubusercontent.com/dazeyama/klug-alters/main/2U_Force-of-Will-13_collages_cards.jpg
Force of Will,2U_Force-of-Will-14_insta_cropped.jpg,https://raw.githubusercontent.com/dazeyama/klug-alters/main/2U_Force-of-Will-14_insta_cropped.jpg
Force of Will,2U_Force-of-Will-15_scans.jpg,https://raw.githubusercontent.com/dazeyama/klug-alters/main/2U_Force-of-Will-15_scans.jpg
Force of Will,2U_Force-of-Will-2_scans.jpg,https://raw.githubusercontent.com/dazeyama/klug-alters/main/2U_Force-of-Will-2_scans.jpg
Force of Will,2U_Force-of-Will-3_scans.jpg,https://raw.githubusercontent.com/dazeyama/klug-alters/main/2U_Force-of-Will-3_scans.jpg
Force of Will,2U_Force-of-Will-4_scans.jpg,https://raw.githubusercontent.com/dazeyama/klug-alters/main/2U_Force-of-Will-4_scans.jpg
Force of Will,2U_Force-of-Will-5_scans.jpg,https://raw.githubusercontent.com/dazeyama/klug-alters/main/2U_Force-of-Will-5_scans.jpg
Force of Will,2U_Force-of-Will-6_scans.jpg,https://raw.githubusercontent.com/dazeyama/klug-alters/main/2U_Force-of-Will-6_scans.jpg
Force of Will,2U_Force-of-Will-7_scans.jpg,https://raw.githubusercontent.com/dazeyama/klug-alters/main/2U_Force-of-Will-7_scans.jpg
Force of Will,2U_Force-of-Will-8_scans.jpg,https://raw.githubusercontent.com/dazeyama/klug-alters/main/2U_Force-of-Will-8_scans.jpg
Force of Will,2U_Force-of-Will-9_scans.jpg,https://raw.githubusercontent.com/dazeyama/klug-alters/main/2U_Force-of-Will-9_scans.jpg
Force of Will,2U_Force-of-Will_insta_cropped.jpg,https://raw.githubusercontent.com/dazeyama/klug-alters/main/2U_Force-of-Will_insta_cropped.jpg
Force of Will,2U_Force-of-Will_scans.jpg,https://raw.githubusercontent.com/dazeyama/klug-alters/main/2U_Force-of-Will_scans.jpg
Frost Titan,2U_Frost-Titan_scans.jpg,https://raw.githubusercontent.com/dazeyama/klug-alters/main/2U_Frost-Titan_scans.jpg
Gilded Drake,2U_Gilded-Drake-2_insta_cropped.jpg,https://raw.githubusercontent.com/dazeyama/klug-alters/main/2U_Gilded-Drake-2_insta_cropped.jpg
Gilded Drake,2U_Gilded-Drake_insta_cropped.jpg,https://raw.githubusercontent.com/dazeyama/klug-alters/main/2U_Gilded-Drake_insta_cropped.jpg
High Tide,2U_High-Tide_scans.jpg,https://raw.githubusercontent.com/dazeyama/klug-alters/main/2U_High-Tide_scans.jpg
Inexorable Tide,2U_Inexorable-Tide_scans.jpg,https://raw.githubusercontent.com/dazeyama/klug-alters/main/2U_Inexorable-Tide_scans.jpg
Intuition,2U_Intuition_scans.jpg,https://raw.githubusercontent.com/dazeyama/klug-alters/main/2U_Intuition_scans.jpg
"Jace, Architect of Thought","2U_Jace,-Architect-of-Thought_insta_cropped.jpg",https://raw.githubusercontent.com/dazeyama/klug-alters/main/2U_Jace%2C-Architect-of-Thought_insta_cropped.jpg
"Jace, Architect of Thought","2U_Jace,-Architect-of-Thought_scans.jpg",https://raw.githubusercontent.com/dazeyama/klug-alters/main/2U_Jace%2C-Architect-of-Thought_scans.jpg
"Jace, the Living Guildpact","2U_Jace,-the-Living-Guildpact_scans.jpg",https://raw.githubusercontent.com/dazeyama/klug-alters/main/2U_Jace%2C-the-Living-Guildpact_scans.jpg
"Jace, the Mind Sculptor","2U_Jace,-the-Mind-Sculptor-10_collages_cards.jpg",https://raw.githubusercontent.com/dazeyama/klug-alters/main/2U_Jace%2C-the-Mind-Sculptor-10_collages_cards.jpg
"Jace, the Mind Sculptor","2U_Jace,-the-Mind-Sculptor-11_collages_cards.jpg",https://raw.githubusercontent.com/dazeyama/klug-alters/main/2U_Jace%2C-the-Mind-Sculptor-11_collages_cards.jpg
"Jace, the Mind Sculptor","2U_Jace,-the-Mind-Sculptor-14_scans.jpg",https://raw.githubusercontent.com/dazeyama/klug-alters/main/2U_Jace%2C-the-Mind-Sculptor-14_scans.jpg
"Jace, the Mind Sculptor","2U_Jace,-the-Mind-Sculptor-15_insta_cropped.jpg",https://raw.githubusercontent.com/dazeyama/klug-alters/main/2U_Jace%2C-the-Mind-Sculptor-15_insta_cropped.jpg
"Jace, the Mind Sculptor","2U_Jace,-the-Mind-Sculptor-16_scans.jpg",https://raw.githubusercontent.com/dazeyama/klug-alters/main/2U_Jace%2C-the-Mind-Sculptor-16_scans.jpg
"Jace, the Mind Sculptor","2U_Jace,-the-Mind-Sculptor-18_scans.jpg",https://raw.githubusercontent.com/dazeyama/klug-alters/main/2U_Jace%2C-the-Mind-Sculptor-18_scans.jpg
"Jace, the Mind Sculptor","2U_Jace,-the-Mind-Sculptor-21_scans.jpg",https://raw.githubusercontent.com/dazeyama/klug-alters/main/2U_Jace%2C-the-Mind-Sculptor-21_scans.jpg
"Jace, the Mind Sculptor","2U_Jace,-the-Mind-Sculptor-22_scans.jpg",https://raw.githubusercontent.com/dazeyama/klug-alters/main/2U_Jace%2C-the-Mind-Sculptor-22_scans.jpg
"Jace, the Mind Sculptor","2U_Jace,-the-Mind-Sculptor-23_scans.jpg",https://raw.githubusercontent.com/dazeyama/klug-alters/main/2U_Jace%2C-the-Mind-Sculptor-23_scans.jpg
"Jace, the Mind Sculptor","2U_Jace,-the-Mind-Sculptor-3_scans.jpg",https://raw.githubusercontent.com/dazeyama/klug-alters/main/2U_Jace%2C-the-Mind-Sculptor-3_scans.jpg
"Jace, the Mind Sculptor","2U_Jace,-the-Mind-Sculptor-5_scans.jpg",https://raw.githubusercontent.com/dazeyama/klug-alters/main/2U_Jace%2C-the-Mind-Sculptor-5_scans.jpg
"Jace, the Mind Sculptor","2U_Jace,-the-Mind-Sculptor-6_scans.jpg",https://raw.githubusercontent.com/dazeyama/klug-alters/main/2U_Jace%2C-the-Mind-Sculptor-6_scans.jpg
"Jace, the Mind Sculptor","2U_Jace,-the-Mind-Sculptor-7_scans.jpg",https://raw.githubusercontent.com/dazeyama/klug-alters/main/2U_Jace%2C-the-Mind-Sculptor-7_scans.jpg
"Jace, the Mind Sculptor","2U_Jace,-the-Mind-Sculptor-8_scans.jpg",https://raw.githubusercontent.com/dazeyama/klug-alters/main/2U_Jace%2C-the-Mind-Sculptor-8_scans.jpg
"Jace, the Mind Sculptor","2U_Jace,-the-Mind-Sculptor-9_scans.jpg",https://raw.githubusercontent.com/dazeyama/klug-alters/main/2U_Jace%2C-the-Mind-Sculptor-9_scans.jpg
Kappa Cannoneer,2U_Kappa-Cannoneer_scans.jpg,https://raw.githubusercontent.com/dazeyama/klug-alters/main/2U_Kappa-Cannoneer_scans.jpg
Kefnet the Mindful,2U_Kefnet-the-Mindful_scans.jpg,https://raw.githubusercontent.com/dazeyama/klug-alters/main/2U_Kefnet-the-Mindful_scans.jpg
Man-o'-War,2U_Man-o'-War_scans.jpg,https://raw.githubusercontent.com/dazeyama/klug-alters/main/2U_Man-o%27-War_scans.jpg
Mana Drain,2U_Mana-Drain-2_scans.jpg,https://raw.githubusercontent.com/dazeyama/klug-alters/main/2U_Mana-Drain-2_scans.jpg
Mana Drain,2U_Mana-Drain-3_scans.jpg,https://raw.githubusercontent.com/dazeyama/klug-alters/main/2U_Mana-Drain-3_scans.jpg
Mana Drain,2U_Mana-Drain-4_scans.jpg,https://raw.githubusercontent.com/dazeyama/klug-alters/main/2U_Mana-Drain-4_scans.jpg
Mana Drain,2U_Mana-Drain_scans.jpg,https://raw.githubusercontent.com/dazeyama/klug-alters/main/2U_Mana-Drain_scans.jpg
Mental Misstep,2U_Mental-Misstep-3_scans.jpg,https://raw.githubusercontent.com/dazeyama/klug-alters/main/2U_Mental-Misstep-3_scans.jpg
Misdirection,2U_Misdirection_scans.jpg,https://raw.githubusercontent.com/dazeyama/klug-alters/main/2U_Misdirection_scans.jpg
Mystical Tutor,2U_Mystical-Tutor_collages_cards.jpg,https://raw.githubusercontent.com/dazeyama/klug-alters/main/2U_Mystical-Tutor_collages_cards.jpg
Nexus of Fate,2U_Nexus-of-Fate-2_insta_cropped.jpg,https://raw.githubusercontent.com/dazeyama/klug-alters/main/2U_Nexus-of-Fate-2_insta_cropped.jpg
Omniscience,2U_Omniscience-4_scans.jpg,https://raw.githubusercontent.com/dazeyama/klug-alters/main/2U_Omniscience-4_scans.jpg
Omniscience,2U_Omniscience-5_scans.jpg,https://raw.githubusercontent.com/dazeyama/klug-alters/main/2U_Omniscience-5_scans.jpg
Parasitic Strix,2U_Parasitic-Strix_scans.jpg,https://raw.githubusercontent.com/dazeyama/klug-alters/main/2U_Parasitic-Strix_scans.jpg
Phyrexian Metamorph,2U_Phyrexian-Metamorph_scans.jpg,https://raw.githubusercontent.com/dazeyama/klug-alters/main/2U_Phyrexian-Metamorph_scans.jpg
Ponder,2U_Ponder_scans.jpg,https://raw.githubusercontent.com/dazeyama/klug-alters/main/2U_Ponder_scans.jpg
Psionic Blast,2U_Psionic-Blast-2_scans.jpg,https://raw.githubusercontent.com/dazeyama/klug-alters/main/2U_Psionic-Blast-2_scans.jpg
Psionic Blast,2U_Psionic-Blast_scans.jpg,https://raw.githubusercontent.com/dazeyama/klug-alters/main/2U_Psionic-Blast_scans.jpg
"Richard Garfield, Ph.D.","2U_Richard-Garfield,-Ph.D.-2_insta_cropped.jpg",https://raw.githubusercontent.com/dazeyama/klug-alters/main/2U_Richard-Garfield%2C-Ph.D.-2_insta_cropped.jpg
Rite of Replication,2U_Rite-of-Replication_scans.jpg,https://raw.githubusercontent.com/dazeyama/klug-alters/main/2U_Rite-of-Replication_scans.jpg
Sakashima's Student,2U_Sakashima's-Student_scans.jpg,https://raw.githubusercontent.com/dazeyama/klug-alters/main/2U_Sakashima%27s-Student_scans.jpg
Show and Tell,2U_Show-and-Tell-2_scans.jpg,https://raw.githubusercontent.com/dazeyama/klug-alters/main/2U_Show-and-Tell-2_scans.jpg
Show and Tell,2U_Show-and-Tell_scans.jpg,https://raw.githubusercontent.com/dazeyama/klug-alters/main/2U_Show-and-Tell_scans.jpg
Snapcaster Mage,2U_Snapcaster-Mage-10_insta_cropped.jpg,https://raw.githubusercontent.com/dazeyama/klug-alters/main/2U_Snapcaster-Mage-10_insta_cropped.jpg
Snapcaster Mage,2U_Snapcaster-Mage-2_scans.jpg,https://raw.githubusercontent.com/dazeyama/klug-alters/main/2U_Snapcaster-Mage-2_scans.jpg
Snapcaster Mage,2U_Snapcaster-Mage-3_scans.jpg,https://raw.githubusercontent.com/dazeyama/klug-alters/main/2U_Snapcaster-Mage-3_scans.jpg
Snapcaster Mage,2U_Snapcaster-Mage-4_scans.jpg,https://raw.githubusercontent.com/dazeyama/klug-alters/main/2U_Snapcaster-Mage-4_scans.jpg
Snapcaster Mage,2U_Snapcaster-Mage-5_scans.jpg,https://raw.githubusercontent.com/dazeyama/klug-alters/main/2U_Snapcaster-Mage-5_scans.jpg
Snapcaster Mage,2U_Snapcaster-Mage-6_scans.jpg,https://raw.githubusercontent.com/dazeyama/klug-alters/main/2U_Snapcaster-Mage-6_scans.jpg
Snapcaster Mage,2U_Snapcaster-Mage-7_scans.jpg,https://raw.githubusercontent.com/dazeyama/klug-alters/main/2U_Snapcaster-Mage-7_scans.jpg
Snapcaster Mage,2U_Snapcaster-Mage-8_scans.jpg,https://raw.githubusercontent.com/dazeyama/klug-alters/main/2U_Snapcaster-Mage-8_scans.jpg
Snapcaster Mage,2U_Snapcaster-Mage_scans.jpg,https://raw.githubusercontent.com/dazeyama/klug-alters/main/2U_Snapcaster-Mage_scans.jpg
Spell Crumple,2U_Spell-Crumple-2_scans.jpg,https://raw.githubusercontent.com/dazeyama/klug-alters/main/2U_Spell-Crumple-2_scans.jpg
Spell Crumple,2U_Spell-Crumple_scans.jpg,https://raw.githubusercontent.com/dazeyama/klug-alters/main/2U_Spell-Crumple_scans.jpg
Spellstutter Sprite,2U_Spellstutter-Sprite_scans.jpg,https://raw.githubusercontent.com/dazeyama/klug-alters/main/2U_Spellstutter-Sprite_scans.jpg
Stormscape Apprentice,2U_Stormscape-Apprentice_collages_cards.jpg,https://raw.githubusercontent.com/dazeyama/klug-alters/main/2U_Stormscape-Apprentice_collages_cards.jpg
"Tamiyo, the Moon Sage","2U_Tamiyo,-the-Moon-Sage_collages_cards.jpg",https://raw.githubusercontent.com/dazeyama/klug-alters/main/2U_Tamiyo%2C-the-Moon-Sage_collages_cards.jpg
"Teferi, Mage of Zhalfir","2U_Teferi,-Mage-of-Zhalfir_scans.jpg",https://raw.githubusercontent.com/dazeyama/klug-alters/main/2U_Teferi%2C-Mage-of-Zhalfir_scans.jpg
"Thada Adel, Acquisitor","2U_Thada-Adel,-Acquisitor_insta_cropped.jpg",https://raw.githubusercontent.com/dazeyama/klug-alters/main/2U_Thada-Adel%2C-Acquisitor_insta_cropped.jpg
Thassa's Oracle,2U_Thassa's-Oracle-3_scans.jpg,https://raw.githubusercontent.com/dazeyama/klug-alters/main/2U_Thassa%27s-Oracle-3_scans.jpg
Thassa's Oracle,2U_Thassa's-Oracle_scans.jpg,https://raw.githubusercontent.com/dazeyama/klug-alters/main/2U_Thassa%27s-Oracle_scans.jpg
Time Walk,2U_Time-Walk-2_collages_cards.jpg,https://raw.githubusercontent.com/dazeyama/klug-alters/main/2U_Time-Walk-2_collages_cards.jpg
Time Walk,2U_Time-Walk-2_scans.jpg,https://raw.githubusercontent.com/dazeyama/klug-alters/main/2U_Time-Walk-2_scans.jpg
Time Walk,2U_Time-Walk-3_scans.jpg,https://raw.githubusercontent.com/dazeyama/klug-alters/main/2U_Time-Walk-3_scans.jpg
Time Walk,2U_Time-Walk-4_scans.jpg,https://raw.githubusercontent.com/dazeyama/klug-alters/main/2U_Time-Walk-4_scans.jpg
Time Walk,2U_Time-Walk-5_scans.jpg,https://raw.githubusercontent.com/dazeyama/klug-alters/main/2U_Time-Walk-5_scans.jpg
Time Walk,2U_Time-Walk_collages_cards.jpg,https://raw.githubusercontent.com/dazeyama/klug-alters/main/2U_Time-Walk_collages_cards.jpg
Time Warp,2U_Time-Warp-2_scans.jpg,https://raw.githubusercontent.com/dazeyama/klug-alters/main/2U_Time-Warp-2_scans.jpg
Time Warp,2U_Time-Warp-4_scans.jpg,https://raw.githubusercontent.com/dazeyama/klug-alters/main/2U_Time-Warp-4_scans.jpg
Timetwister,2U_Timetwister-3_collages_cards.jpg,https://raw.githubusercontent.com/dazeyama/klug-alters/main/2U_Timetwister-3_collages_cards.jpg
Timetwister,2U_Timetwister-5_collages_cards.jpg,https://raw.githubusercontent.com/dazeyama/klug-alters/main/2U_Timetwister-5_collages_cards.jpg
Timetwister,2U_Timetwister-7_scans.jpg,https://raw.githubusercontent.com/dazeyama/klug-alters/main/2U_Timetwister-7_scans.jpg
Timetwister,2U_Timetwister-8_scans.jpg,https://raw.githubusercontent.com/dazeyama/klug-alters/main/2U_Timetwister-8_scans.jpg
Timetwister,2U_Timetwister-9_scans.jpg,https://raw.githubusercontent.com/dazeyama/klug-alters/main/2U_Timetwister-9_scans.jpg
Timetwister,2U_Timetwister_scans.jpg,https://raw.githubusercontent.com/dazeyama/klug-alters/main/2U_Timetwister_scans.jpg
Treasure Cruise,2U_Treasure-Cruise_insta_cropped.jpg,https://raw.githubusercontent.com/dazeyama/klug-alters/main/2U_Treasure-Cruise_insta_cropped.jpg
True-Name Nemesis,2U_True-Name-Nemesis_scans.jpg,https://raw.githubusercontent.com/dazeyama/klug-alters/main/2U_True-Name-Nemesis_scans.jpg
Upheaval,2U_Upheaval_scans.jpg,https://raw.githubusercontent.com/dazeyama/klug-alters/main/2U_Upheaval_scans.jpg
Vendilion Clique,2U_Vendilion-Clique-2_collages_cards.jpg,https://raw.githubusercontent.com/dazeyama/klug-alters/main/2U_Vendilion-Clique-2_collages_cards.jpg
Vendilion Clique,2U_Vendilion-Clique-3_insta_cropped.jpg,https://raw.githubusercontent.com/dazeyama/klug-alters/main/2U_Vendilion-Clique-3_insta_cropped.jpg
Vendilion Clique,2U_Vendilion-Clique_scans.jpg,https://raw.githubusercontent.com/dazeyama/klug-alters/main/2U_Vendilion-Clique_scans.jpg
"Venser, Shaper Savant","2U_Venser,-Shaper-Savant_scans.jpg",https://raw.githubusercontent.com/dazeyama/klug-alters/main/2U_Venser%2C-Shaper-Savant_scans.jpg
Wu Admiral,2U_Wu-Admiral_scans.jpg,https://raw.githubusercontent.com/dazeyama/klug-alters/main/2U_Wu-Admiral_scans.jpg
Archon of Cruelty,3B_Archon-of-Cruelty_scans.jpg,https://raw.githubusercontent.com/dazeyama/klug-alters/main/3B_Archon-of-Cruelty_scans.jpg
Army of the Damned,3B_Army-of-the-Damned_scans.jpg,https://raw.githubusercontent.com/dazeyama/klug-alters/main/3B_Army-of-the-Damned_scans.jpg
Baron Sengir,3B_Baron-Sengir_scans.jpg,https://raw.githubusercontent.com/dazeyama/klug-alters/main/3B_Baron-Sengir_scans.jpg
Bitterblossom,3B_Bitterblossom_scans.jpg,https://raw.githubusercontent.com/dazeyama/klug-alters/main/3B_Bitterblossom_scans.jpg
Bloodgift Demon,3B_Bloodgift-Demon_scans.jpg,https://raw.githubusercontent.com/dazeyama/klug-alters/main/3B_Bloodgift-Demon_scans.jpg
Damnation,3B_Damnation-10_scans.jpg,https://raw.githubusercontent.com/dazeyama/klug-alters/main/3B_Damnation-10_scans.jpg
Damnation,3B_Damnation-11_scans.jpg,https://raw.githubusercontent.com/dazeyama/klug-alters/main/3B_Damnation-11_scans.jpg
Damnation,3B_Damnation-12_insta_cropped.jpg,https://raw.githubusercontent.com/dazeyama/klug-alters/main/3B_Damnation-12_insta_cropped.jpg
Damnation,3B_Damnation-14_scans.jpg,https://raw.githubusercontent.com/dazeyama/klug-alters/main/3B_Damnation-14_scans.jpg
Damnation,3B_Damnation-3_scans.jpg,https://raw.githubusercontent.com/dazeyama/klug-alters/main/3B_Damnation-3_scans.jpg
Damnation,3B_Damnation-5_scans.jpg,https://raw.githubusercontent.com/dazeyama/klug-alters/main/3B_Damnation-5_scans.jpg
Damnation,3B_Damnation-6_scans.jpg,https://raw.githubusercontent.com/dazeyama/klug-alters/main/3B_Damnation-6_scans.jpg
Damnation,3B_Damnation-7_scans.jpg,https://raw.githubusercontent.com/dazeyama/klug-alters/main/3B_Damnation-7_scans.jpg
Dance of the Dead,3B_Dance-of-the-Dead-2_insta_cropped.jpg,https://raw.githubusercontent.com/dazeyama/klug-alters/main/3B_Dance-of-the-Dead-2_insta_cropped.jpg
Dark Confidant,3B_Dark-Confidant-10_scans.jpg,https://raw.githubusercontent.com/dazeyama/klug-alters/main/3B_Dark-Confidant-10_scans.jpg
Dark Confidant,3B_Dark-Confidant-11_scans.jpg,https://raw.githubusercontent.com/dazeyama/klug-alters/main/3B_Dark-Confidant-11_scans.jpg
Dark Confidant,3B_Dark-Confidant-3_scans.jpg,https://raw.githubusercontent.com/dazeyama/klug-alters/main/3B_Dark-Confidant-3_scans.jpg
Dark Confidant,3B_Dark-Confidant-4_scans.jpg,https://raw.githubusercontent.com/dazeyama/klug-alters/main/3B_Dark-Confidant-4_scans.jpg
Dark Confidant,3B_Dark-Confidant-5_insta_cropped.jpg,https://raw.githubusercontent.com/dazeyama/klug-alters/main/3B_Dark-Confidant-5_insta_cropped.jpg
Dark Confidant,3B_Dark-Confidant-7_scans.jpg,https://raw.githubusercontent.com/dazeyama/klug-alters/main/3B_Dark-Confidant-7_scans.jpg
Dark Confidant,3B_Dark-Confidant-8_scans.jpg,https://raw.githubusercontent.com/dazeyama/klug-alters/main/3B_Dark-Confidant-8_scans.jpg
Dark Confidant,3B_Dark-Confidant_scans.jpg,https://raw.githubusercontent.com/dazeyama/klug-alters/main/3B_Dark-Confidant_scans.jpg
Dark Ritual,3B_Dark-Ritual_scans.jpg,https://raw.githubusercontent.com/dazeyama/klug-alters/main/3B_Dark-Ritual_scans.jpg
Demonic Consultation,3B_Demonic-Consultation_scans.jpg,https://raw.githubusercontent.com/dazeyama/klug-alters/main/3B_Demonic-Consultation_scans.jpg
Demonic Counsel,3B_Demonic-Counsel-3_scans.jpg,https://raw.githubusercontent.com/dazeyama/klug-alters/main/3B_Demonic-Counsel-3_scans.jpg
Demonic Tutor,3B_Demonic-Tutor-11_scans.jpg,https://raw.githubusercontent.com/dazeyama/klug-alters/main/3B_Demonic-Tutor-11_scans.jpg
Demonic Tutor,3B_Demonic-Tutor-13_scans.jpg,https://raw.githubusercontent.com/dazeyama/klug-alters/main/3B_Demonic-Tutor-13_scans.jpg
Demonic Tutor,3B_Demonic-Tutor-16_scans.jpg,https://raw.githubusercontent.com/dazeyama/klug-alters/main/3B_Demonic-Tutor-16_scans.jpg
Demonic Tutor,3B_Demonic-Tutor-4_scans.jpg,https://raw.githubusercontent.com/dazeyama/klug-alters/main/3B_Demonic-Tutor-4_scans.jpg
Demonic Tutor,3B_Demonic-Tutor-5_scans.jpg,https://raw.githubusercontent.com/dazeyama/klug-alters/main/3B_Demonic-Tutor-5_scans.jpg
Demonic Tutor,3B_Demonic-Tutor-6_scans.jpg,https://raw.githubusercontent.com/dazeyama/klug-alters/main/3B_Demonic-Tutor-6_scans.jpg
Diabolic Tutor,3B_Diabolic-Tutor_insta_cropped.jpg,https://raw.githubusercontent.com/dazeyama/klug-alters/main/3B_Diabolic-Tutor_insta_cropped.jpg
Doom Blade,3B_Doom-Blade_scans.jpg,https://raw.githubusercontent.com/dazeyama/klug-alters/main/3B_Doom-Blade_scans.jpg
Duress,3B_Duress_scans.jpg,https://raw.githubusercontent.com/dazeyama/klug-alters/main/3B_Duress_scans.jpg
Elusive Tormentor // Insidious Mist,3B_Elusive-Tormentor-Insidious-Mist_insta_cropped.jpg,https://raw.githubusercontent.com/dazeyama/klug-alters/main/3B_Elusive-Tormentor-Insidious-Mist_insta_cropped.jpg
"Erebos, God of the Dead","3B_Erebos,-God-of-the-Dead-2_scans.jpg",https://raw.githubusercontent.com/dazeyama/klug-alters/main/3B_Erebos%2C-God-of-the-Dead-2_scans.jpg
Game Over,3B_Game-Over_scans.jpg,https://raw.githubusercontent.com/dazeyama/klug-alters/main/3B_Game-Over_scans.jpg
"Geth, Lord of the Vault","3B_Geth,-Lord-of-the-Vault-2_scans.jpg",https://raw.githubusercontent.com/dazeyama/klug-alters/main/3B_Geth%2C-Lord-of-the-Vault-2_scans.jpg
God-Eternal Bontu,3B_God-Eternal-Bontu-2_scans.jpg,https://raw.githubusercontent.com/dazeyama/klug-alters/main/3B_God-Eternal-Bontu-2_scans.jpg
Grave Titan,3B_Grave-Titan-3_scans.jpg,https://raw.githubusercontent.com/dazeyama/klug-alters/main/3B_Grave-Titan-3_scans.jpg
Grief,3B_Grief-2_scans.jpg,https://raw.githubusercontent.com/dazeyama/klug-alters/main/3B_Grief-2_scans.jpg
Grief,3B_Grief-3_scans.jpg,https://raw.githubusercontent.com/dazeyama/klug-alters/main/3B_Grief-3_scans.jpg
Grim Tutor,3B_Grim-Tutor-2_scans.jpg,https://raw.githubusercontent.com/dazeyama/klug-alters/main/3B_Grim-Tutor-2_scans.jpg
Grim Tutor,3B_Grim-Tutor-3_insta_cropped.jpg,https://raw.githubusercontent.com/dazeyama/klug-alters/main/3B_Grim-Tutor-3_insta_cropped.jpg
Grim Tutor,3B_Grim-Tutor_scans.jpg,https://raw.githubusercontent.com/dazeyama/klug-alters/main/3B_Grim-Tutor_scans.jpg
Griselbrand,3B_Griselbrand_collages_cards.jpg,https://raw.githubusercontent.com/dazeyama/klug-alters/main/3B_Griselbrand_collages_cards.jpg
Gruesome Encore,3B_Gruesome-Encore_insta_cropped.jpg,https://raw.githubusercontent.com/dazeyama/klug-alters/main/3B_Gruesome-Encore_insta_cropped.jpg
Harvester of Souls,3B_Harvester-of-Souls-2_scans.jpg,https://raw.githubusercontent.com/dazeyama/klug-alters/main/3B_Harvester-of-Souls-2_scans.jpg
Hatred,3B_Hatred_scans.jpg,https://raw.githubusercontent.com/dazeyama/klug-alters/main/3B_Hatred_scans.jpg
"Horobi, Death's Wail","3B_Horobi,-Death's-Wail_collages_cards.jpg",https://raw.githubusercontent.com/dazeyama/klug-alters/main/3B_Horobi%2C-Death%27s-Wail_collages_cards.jpg
Hymn to Tourach,3B_Hymn-to-Tourach-2_scans.jpg,https://raw.githubusercontent.com/dazeyama/klug-alters/main/3B_Hymn-to-Tourach-2_scans.jpg
Hymn to Tourach,3B_Hymn-to-Tourach_scans.jpg,https://raw.githubusercontent.com/dazeyama/klug-alters/main/3B_Hymn-to-Tourach_scans.jpg
Infernal Darkness,3B_Infernal-Darkness_scans.jpg,https://raw.githubusercontent.com/dazeyama/klug-alters/main/3B_Infernal-Darkness_scans.jpg
Inquisition of Kozilek,3B_Inquisition-of-Kozilek-2_scans.jpg,https://raw.githubusercontent.com/dazeyama/klug-alters/main/3B_Inquisition-of-Kozilek-2_scans.jpg
Inquisition of Kozilek,3B_Inquisition-of-Kozilek_collages_cards.jpg,https://raw.githubusercontent.com/dazeyama/klug-alters/main/3B_Inquisition-of-Kozilek_collages_cards.jpg
"Kokusho, the Evening Star","3B_Kokusho,-the-Evening-Star_scans.jpg",https://raw.githubusercontent.com/dazeyama/klug-alters/main/3B_Kokusho%2C-the-Evening-Star_scans.jpg
Liliana Vess,3B_Liliana-Vess_scans.jpg,https://raw.githubusercontent.com/dazeyama/klug-alters/main/3B_Liliana-Vess_scans.jpg
Liliana of the Veil,3B_Liliana-of-the-Veil-10_scans.jpg,https://raw.githubusercontent.com/dazeyama/klug-alters/main/3B_Liliana-of-the-Veil-10_scans.jpg
Liliana of the Veil,3B_Liliana-of-the-Veil-4_scans.jpg,https://raw.githubusercontent.com/dazeyama/klug-alters/main/3B_Liliana-of-the-Veil-4_scans.jpg
Liliana of the Veil,3B_Liliana-of-the-Veil-5_scans.jpg,https://raw.githubusercontent.com/dazeyama/klug-alters/main/3B_Liliana-of-the-Veil-5_scans.jpg
Liliana of the Veil,3B_Liliana-of-the-Veil-9_scans.jpg,https://raw.githubusercontent.com/dazeyama/klug-alters/main/3B_Liliana-of-the-Veil-9_scans.jpg
Liliana of the Veil,3B_Liliana-of-the-Veil_collages_cards.jpg,https://raw.githubusercontent.com/dazeyama/klug-alters/main/3B_Liliana-of-the-Veil_collages_cards.jpg
Liliana of the Veil,3B_Liliana-of-the-Veil_insta_cropped.jpg,https://raw.githubusercontent.com/dazeyama/klug-alters/main/3B_Liliana-of-the-Veil_insta_cropped.jpg
Living Death,3B_Living-Death_scans.jpg,https://raw.githubusercontent.com/dazeyama/klug-alters/main/3B_Living-Death_scans.jpg
"Lord Skitter, Sewer King","3B_Lord-Skitter,-Sewer-King-2_scans.jpg",https://raw.githubusercontent.com/dazeyama/klug-alters/main/3B_Lord-Skitter%2C-Sewer-King-2_scans.jpg
Massacre Girl,3B_Massacre-Girl-2_scans.jpg,https://raw.githubusercontent.com/dazeyama/klug-alters/main/3B_Massacre-Girl-2_scans.jpg
Mind Twist,3B_Mind-Twist-2_scans.jpg,https://raw.githubusercontent.com/dazeyama/klug-alters/main/3B_Mind-Twist-2_scans.jpg
Mind Twist,3B_Mind-Twist-3_scans.jpg,https://raw.githubusercontent.com/dazeyama/klug-alters/main/3B_Mind-Twist-3_scans.jpg
Mind Twist,3B_Mind-Twist_scans.jpg,https://raw.githubusercontent.com/dazeyama/klug-alters/main/3B_Mind-Twist_scans.jpg
Mother of Goons,3B_Mother-of-Goons_scans.jpg,https://raw.githubusercontent.com/dazeyama/klug-alters/main/3B_Mother-of-Goons_scans.jpg
Necropotence,3B_Necropotence_scans.jpg,https://raw.githubusercontent.com/dazeyama/klug-alters/main/3B_Necropotence_scans.jpg
Nether Void,3B_Nether-Void_scans.jpg,https://raw.githubusercontent.com/dazeyama/klug-alters/main/3B_Nether-Void_scans.jpg
Ophiomancer,3B_Ophiomancer_scans.jpg,https://raw.githubusercontent.com/dazeyama/klug-alters/main/3B_Ophiomancer_scans.jpg
Opposition Agent,3B_Opposition-Agent-2_scans.jpg,https://raw.githubusercontent.com/dazeyama/klug-alters/main/3B_Opposition-Agent-2_scans.jpg
Overseer of the Damned,3B_Overseer-of-the-Damned_scans.jpg,https://raw.githubusercontent.com/dazeyama/klug-alters/main/3B_Overseer-of-the-Damned_scans.jpg
Phyrexian Obliterator,3B_Phyrexian-Obliterator_collages_cards.jpg,https://raw.githubusercontent.com/dazeyama/klug-alters/main/3B_Phyrexian-Obliterator_collages_cards.jpg
Pitiless Plunderer,3B_Pitiless-Plunderer_scans.jpg,https://raw.githubusercontent.com/dazeyama/klug-alters/main/3B_Pitiless-Plunderer_scans.jpg
Reanimate,3B_Reanimate-4_scans.jpg,https://raw.githubusercontent.com/dazeyama/klug-alters/main/3B_Reanimate-4_scans.jpg
Reanimate,3B_Reanimate_scans.jpg,https://raw.githubusercontent.com/dazeyama/klug-alters/main/3B_Reanimate_scans.jpg
Recurring Nightmare,3B_Recurring-Nightmare-2_collages_cards.jpg,https://raw.githubusercontent.com/dazeyama/klug-alters/main/3B_Recurring-Nightmare-2_collages_cards.jpg
Recurring Nightmare,3B_Recurring-Nightmare-2_scans.jpg,https://raw.githubusercontent.com/dazeyama/klug-alters/main/3B_Recurring-Nightmare-2_scans.jpg
Recurring Nightmare,3B_Recurring-Nightmare-3_scans.jpg,https://raw.githubusercontent.com/dazeyama/klug-alters/main/3B_Recurring-Nightmare-3_scans.jpg
Recurring Nightmare,3B_Recurring-Nightmare-4_collages_cards.jpg,https://raw.githubusercontent.com/dazeyama/klug-alters/main/3B_Recurring-Nightmare-4_collages_cards.jpg
Recurring Nightmare,3B_Recurring-Nightmare_collages_cards.jpg,https://raw.githubusercontent.com/dazeyama/klug-alters/main/3B_Recurring-Nightmare_collages_cards.jpg
Rune-Scarred Demon,3B_Rune-Scarred-Demon_scans.jpg,https://raw.githubusercontent.com/dazeyama/klug-alters/main/3B_Rune-Scarred-Demon_scans.jpg
"Sheoldred, the Apocalypse","3B_Sheoldred,-the-Apocalypse-2_scans.jpg",https://raw.githubusercontent.com/dazeyama/klug-alters/main/3B_Sheoldred%2C-the-Apocalypse-2_scans.jpg
Shoot the Sheriff,3B_Shoot-the-Sheriff-3_scans.jpg,https://raw.githubusercontent.com/dazeyama/klug-alters/main/3B_Shoot-the-Sheriff-3_scans.jpg
Sinkhole,3B_Sinkhole_scans.jpg,https://raw.githubusercontent.com/dazeyama/klug-alters/main/3B_Sinkhole_scans.jpg
"Tasigur, the Golden Fang","3B_Tasigur,-the-Golden-Fang_scans.jpg",https://raw.githubusercontent.com/dazeyama/klug-alters/main/3B_Tasigur%2C-the-Golden-Fang_scans.jpg
Terror,3B_Terror_scans.jpg,https://raw.githubusercontent.com/dazeyama/klug-alters/main/3B_Terror_scans.jpg
Thoughtseize,3B_Thoughtseize_scans.jpg,https://raw.githubusercontent.com/dazeyama/klug-alters/main/3B_Thoughtseize_scans.jpg
"Tinybones, Trinket Thief","3B_Tinybones,-Trinket-Thief-4_scans.jpg",https://raw.githubusercontent.com/dazeyama/klug-alters/main/3B_Tinybones%2C-Trinket-Thief-4_scans.jpg
Torment of Hailfire,3B_Torment-of-Hailfire_scans.jpg,https://raw.githubusercontent.com/dazeyama/klug-alters/main/3B_Torment-of-Hailfire_scans.jpg
Toshiro Umezawa,3B_Toshiro-Umezawa_scans.jpg,https://raw.githubusercontent.com/dazeyama/klug-alters/main/3B_Toshiro-Umezawa_scans.jpg
Vampiric Tutor,3B_Vampiric-Tutor-2_scans.jpg,https://raw.githubusercontent.com/dazeyama/klug-alters/main/3B_Vampiric-Tutor-2_scans.jpg
Vampiric Tutor,3B_Vampiric-Tutor_scans.jpg,https://raw.githubusercontent.com/dazeyama/klug-alters/main/3B_Vampiric-Tutor_scans.jpg
"Vilis, Broker of Blood","3B_Vilis,-Broker-of-Blood_scans.jpg",https://raw.githubusercontent.com/dazeyama/klug-alters/main/3B_Vilis%2C-Broker-of-Blood_scans.jpg
Wake the Dead,3B_Wake-the-Dead_scans.jpg,https://raw.githubusercontent.com/dazeyama/klug-alters/main/3B_Wake-the-Dead_scans.jpg
Walking Dead,3B_Walking-Dead-2_scans.jpg,https://raw.githubusercontent.com/dazeyama/klug-alters/main/3B_Walking-Dead-2_scans.jpg
Walking Dead,3B_Walking-Dead-4_collages_cards.jpg,https://raw.githubusercontent.com/dazeyama/klug-alters/main/3B_Walking-Dead-4_collages_cards.jpg
Walking Dead,3B_Walking-Dead-7_scans.jpg,https://raw.githubusercontent.com/dazeyama/klug-alters/main/3B_Walking-Dead-7_scans.jpg
Walking Dead,3B_Walking-Dead_scans.jpg,https://raw.githubusercontent.com/dazeyama/klug-alters/main/3B_Walking-Dead_scans.jpg
Wei Strike Force,3B_Wei-Strike-Force_collages_cards.jpg,https://raw.githubusercontent.com/dazeyama/klug-alters/main/3B_Wei-Strike-Force_collages_cards.jpg
Yawgmoth's Bargain,3B_Yawgmoth's-Bargain_scans.jpg,https://raw.githubusercontent.com/dazeyama/klug-alters/main/3B_Yawgmoth%27s-Bargain_scans.jpg
Yawgmoth's Will,3B_Yawgmoth's-Will-2_scans.jpg,https://raw.githubusercontent.com/dazeyama/klug-alters/main/3B_Yawgmoth%27s-Will-2_scans.jpg
Yawgmoth's Will,3B_Yawgmoth's-Will-3_scans.jpg,https://raw.githubusercontent.com/dazeyama/klug-alters/main/3B_Yawgmoth%27s-Will-3_scans.jpg
Yawgmoth's Will,3B_Yawgmoth's-Will_scans.jpg,https://raw.githubusercontent.com/dazeyama/klug-alters/main/3B_Yawgmoth%27s-Will_scans.jpg
Acidic Soil,4R_Acidic-Soil_scans.jpg,https://raw.githubusercontent.com/dazeyama/klug-alters/main/4R_Acidic-Soil_scans.jpg
"Akroma, Angel of Fury","4R_Akroma,-Angel-of-Fury-2_scans.jpg",https://raw.githubusercontent.com/dazeyama/klug-alters/main/4R_Akroma%2C-Angel-of-Fury-2_scans.jpg
Balefire Dragon,4R_Balefire-Dragon-3_scans.jpg,https://raw.githubusercontent.com/dazeyama/klug-alters/main/4R_Balefire-Dragon-3_scans.jpg
Blood Moon,4R_Blood-Moon-2_scans.jpg,https://raw.githubusercontent.com/dazeyama/klug-alters/main/4R_Blood-Moon-2_scans.jpg
Blood Moon,4R_Blood-Moon_insta_cropped.jpg,https://raw.githubusercontent.com/dazeyama/klug-alters/main/4R_Blood-Moon_insta_cropped.jpg
Burning of Xinye,4R_Burning-of-Xinye_scans.jpg,https://raw.githubusercontent.com/dazeyama/klug-alters/main/4R_Burning-of-Xinye_scans.jpg
Chain Lightning,4R_Chain-Lightning-2_collages_cards.jpg,https://raw.githubusercontent.com/dazeyama/klug-alters/main/4R_Chain-Lightning-2_collages_cards.jpg
Chain Lightning,4R_Chain-Lightning-3_collages_cards.jpg,https://raw.githubusercontent.com/dazeyama/klug-alters/main/4R_Chain-Lightning-3_collages_cards.jpg
Chain Lightning,4R_Chain-Lightning-4_collages_cards.jpg,https://raw.githubusercontent.com/dazeyama/klug-alters/main/4R_Chain-Lightning-4_collages_cards.jpg
Chain Lightning,4R_Chain-Lightning-6_collages_cards.jpg,https://raw.githubusercontent.com/dazeyama/klug-alters/main/4R_Chain-Lightning-6_collages_cards.jpg
"Chandra, the Firebrand","4R_Chandra,-the-Firebrand-2_collages_cards.jpg",https://raw.githubusercontent.com/dazeyama/klug-alters/main/4R_Chandra%2C-the-Firebrand-2_collages_cards.jpg
"Chandra, the Firebrand","4R_Chandra,-the-Firebrand_scans.jpg",https://raw.githubusercontent.com/dazeyama/klug-alters/main/4R_Chandra%2C-the-Firebrand_scans.jpg
"Daretti, Scrap Savant","4R_Daretti,-Scrap-Savant_scans.jpg",https://raw.githubusercontent.com/dazeyama/klug-alters/main/4R_Daretti%2C-Scrap-Savant_scans.jpg
Dockside Extortionist,4R_Dockside-Extortionist_scans.jpg,https://raw.githubusercontent.com/dazeyama/klug-alters/main/4R_Dockside-Extortionist_scans.jpg
Fable of the Mirror-Breaker // Reflection of Kiki-Jiki,4R_Fable-of-the-Mirror-Breaker-Reflection-of-Kiki-Jiki-2_scans.jpg,https://raw.githubusercontent.com/dazeyama/klug-alters/main/4R_Fable-of-the-Mirror-Breaker-Reflection-of-Kiki-Jiki-2_scans.jpg
Fury,4R_Fury-2_scans.jpg,https://raw.githubusercontent.com/dazeyama/klug-alters/main/4R_Fury-2_scans.jpg
Goblin Grenade,4R_Goblin-Grenade-2_scans.jpg,https://raw.githubusercontent.com/dazeyama/klug-alters/main/4R_Goblin-Grenade-2_scans.jpg
Goblin Grenade,4R_Goblin-Grenade_scans.jpg,https://raw.githubusercontent.com/dazeyama/klug-alters/main/4R_Goblin-Grenade_scans.jpg
Goblin Guide,4R_Goblin-Guide.jpg,https://raw.githubusercontent.com/dazeyama/klug-alters/main/4R_Goblin-Guide.jpg
Goblin King,4R_Goblin-King_scans.jpg,https://raw.githubusercontent.com/dazeyama/klug-alters/main/4R_Goblin-King_scans.jpg
"Godo, Bandit Warlord","4R_Godo,-Bandit-Warlord-3_scans.jpg",https://raw.githubusercontent.com/dazeyama/klug-alters/main/4R_Godo%2C-Bandit-Warlord-3_scans.jpg
Goldspan Dragon,4R_Goldspan-Dragon_scans.jpg,https://raw.githubusercontent.com/dazeyama/klug-alters/main/4R_Goldspan-Dragon_scans.jpg
Gorilla Shaman,4R_Gorilla-Shaman_scans.jpg,https://raw.githubusercontent.com/dazeyama/klug-alters/main/4R_Gorilla-Shaman_scans.jpg
Hellkite Tyrant,4R_Hellkite-Tyrant_insta_cropped.jpg,https://raw.githubusercontent.com/dazeyama/klug-alters/main/4R_Hellkite-Tyrant_insta_cropped.jpg
"Ilharg, the Raze-Boar","4R_Ilharg,-the-Raze-Boar_scans.jpg",https://raw.githubusercontent.com/dazeyama/klug-alters/main/4R_Ilharg%2C-the-Raze-Boar_scans.jpg
Imperial Recruiter,4R_Imperial-Recruiter-2_scans.jpg,https://raw.githubusercontent.com/dazeyama/klug-alters/main/4R_Imperial-Recruiter-2_scans.jpg
"Jaya Ballard, Task Mage","4R_Jaya-Ballard,-Task-Mage_scans.jpg",https://raw.githubusercontent.com/dazeyama/klug-alters/main/4R_Jaya-Ballard%2C-Task-Mage_scans.jpg
Jaya Ballard,4R_Jaya-Ballard_scans.jpg,https://raw.githubusercontent.com/dazeyama/klug-alters/main/4R_Jaya-Ballard_scans.jpg
Koth of the Hammer,4R_Koth-of-the-Hammer-2_scans.jpg,https://raw.githubusercontent.com/dazeyama/klug-alters/main/4R_Koth-of-the-Hammer-2_scans.jpg
Koth of the Hammer,4R_Koth-of-the-Hammer_scans.jpg,https://raw.githubusercontent.com/dazeyama/klug-alters/main/4R_Koth-of-the-Hammer_scans.jpg
Lightning Bolt,4R_Lightning-Bolt-10_scans.jpg,https://raw.githubusercontent.com/dazeyama/klug-alters/main/4R_Lightning-Bolt-10_scans.jpg
Lightning Bolt,4R_Lightning-Bolt-3_scans.jpg,https://raw.githubusercontent.com/dazeyama/klug-alters/main/4R_Lightning-Bolt-3_scans.jpg
Lightning Bolt,4R_Lightning-Bolt-4_scans.jpg,https://raw.githubusercontent.com/dazeyama/klug-alters/main/4R_Lightning-Bolt-4_scans.jpg
Lightning Bolt,4R_Lightning-Bolt-8_scans.jpg,https://raw.githubusercontent.com/dazeyama/klug-alters/main/4R_Lightning-Bolt-8_scans.jpg
Lightning Bolt,4R_Lightning-Bolt-9_scans.jpg,https://raw.githubusercontent.com/dazeyama/klug-alters/main/4R_Lightning-Bolt-9_scans.jpg
Lightning Bolt,4R_Lightning-Bolt_scans.jpg,https://raw.githubusercontent.com/dazeyama/klug-alters/main/4R_Lightning-Bolt_scans.jpg
"Najeela, the Blade-Blossom","4R_Najeela,-the-Blade-Blossom_scans.jpg",https://raw.githubusercontent.com/dazeyama/klug-alters/main/4R_Najeela%2C-the-Blade-Blossom_scans.jpg
Norin the Wary,4R_Norin-the-Wary_scans.jpg,https://raw.githubusercontent.com/dazeyama/klug-alters/main/4R_Norin-the-Wary_scans.jpg
Past in Flames,4R_Past-in-Flames_scans.jpg,https://raw.githubusercontent.com/dazeyama/klug-alters/main/4R_Past-in-Flames_scans.jpg
"Purphoros, God of the Forge","4R_Purphoros,-God-of-the-Forge-2_scans.jpg",https://raw.githubusercontent.com/dazeyama/klug-alters/main/4R_Purphoros%2C-God-of-the-Forge-2_scans.jpg
"Purphoros, God of the Forge","4R_Purphoros,-God-of-the-Forge_scans.jpg",https://raw.githubusercontent.com/dazeyama/klug-alters/main/4R_Purphoros%2C-God-of-the-Forge_scans.jpg
Pyroblast,4R_Pyroblast_scans.jpg,https://raw.githubusercontent.com/dazeyama/klug-alters/main/4R_Pyroblast_scans.jpg
"Ragavan, Nimble Pilferer","4R_Ragavan,-Nimble-Pilferer_scans.jpg",https://raw.githubusercontent.com/dazeyama/klug-alters/main/4R_Ragavan%2C-Nimble-Pilferer_scans.jpg
Red Elemental Blast,4R_Red-Elemental-Blast_scans.jpg,https://raw.githubusercontent.com/dazeyama/klug-alters/main/4R_Red-Elemental-Blast_scans.jpg
Robber of the Rich,4R_Robber-of-the-Rich-2_scans.jpg,https://raw.githubusercontent.com/dazeyama/klug-alters/main/4R_Robber-of-the-Rich-2_scans.jpg
Rolling Earthquake,4R_Rolling-Earthquake_scans.jpg,https://raw.githubusercontent.com/dazeyama/klug-alters/main/4R_Rolling-Earthquake_scans.jpg
"Sarkhan, the Dragonspeaker","4R_Sarkhan,-the-Dragonspeaker_scans.jpg",https://raw.githubusercontent.com/dazeyama/klug-alters/main/4R_Sarkhan%2C-the-Dragonspeaker_scans.jpg
Scourge of the Throne,4R_Scourge-of-the-Throne_scans.jpg,https://raw.githubusercontent.com/dazeyama/klug-alters/main/4R_Scourge-of-the-Throne_scans.jpg
Shatter,4R_Shatter-2_collages_cards.jpg,https://raw.githubusercontent.com/dazeyama/klug-alters/main/4R_Shatter-2_collages_cards.jpg
Shatter,4R_Shatter-4_collages_cards.jpg,https://raw.githubusercontent.com/dazeyama/klug-alters/main/4R_Shatter-4_collages_cards.jpg
Shatter,4R_Shatter-5_scans.jpg,https://raw.githubusercontent.com/dazeyama/klug-alters/main/4R_Shatter-5_scans.jpg
Shatter,4R_Shatter_collages_cards.jpg,https://raw.githubusercontent.com/dazeyama/klug-alters/main/4R_Shatter_collages_cards.jpg
Splinter Twin,4R_Splinter-Twin_scans.jpg,https://raw.githubusercontent.com/dazeyama/klug-alters/main/4R_Splinter-Twin_scans.jpg
Stormblood Berserker,4R_Stormblood-Berserker_scans.jpg,https://raw.githubusercontent.com/dazeyama/klug-alters/main/4R_Stormblood-Berserker_scans.jpg
"Tibalt, the Fiend-Blooded","4R_Tibalt,-the-Fiend-Blooded_scans.jpg",https://raw.githubusercontent.com/dazeyama/klug-alters/main/4R_Tibalt%2C-the-Fiend-Blooded_scans.jpg
"Torbran, Thane of Red Fell","4R_Torbran,-Thane-of-Red-Fell-2_scans.jpg",https://raw.githubusercontent.com/dazeyama/klug-alters/main/4R_Torbran%2C-Thane-of-Red-Fell-2_scans.jpg
Wheel of Fortune,4R_Wheel-of-Fortune_scans.jpg,https://raw.githubusercontent.com/dazeyama/klug-alters/main/4R_Wheel-of-Fortune_scans.jpg
Worldgorger Dragon,4R_Worldgorger-Dragon-2_scans.jpg,https://raw.githubusercontent.com/dazeyama/klug-alters/main/4R_Worldgorger-Dragon-2_scans.jpg
Zealous Conscripts,4R_Zealous-Conscripts_insta_cropped.jpg,https://raw.githubusercontent.com/dazeyama/klug-alters/main/4R_Zealous-Conscripts_insta_cropped.jpg
"Azusa, Lost but Seeking","5G_Azusa,-Lost-but-Seeking-3_scans.jpg",https://raw.githubusercontent.com/dazeyama/klug-alters/main/5G_Azusa%2C-Lost-but-Seeking-3_scans.jpg
"Azusa, Lost but Seeking","5G_Azusa,-Lost-but-Seeking_scans.jpg",https://raw.githubusercontent.com/dazeyama/klug-alters/main/5G_Azusa%2C-Lost-but-Seeking_scans.jpg
Bane of Progress,5G_Bane-of-Progress_scans.jpg,https://raw.githubusercontent.com/dazeyama/klug-alters/main/5G_Bane-of-Progress_scans.jpg
Berserk,5G_Berserk-3_scans.jpg,https://raw.githubusercontent.com/dazeyama/klug-alters/main/5G_Berserk-3_scans.jpg
Berserk,5G_Berserk-5_scans.jpg,https://raw.githubusercontent.com/dazeyama/klug-alters/main/5G_Berserk-5_scans.jpg
Berserk,5G_Berserk-6_scans.jpg,https://raw.githubusercontent.com/dazeyama/klug-alters/main/5G_Berserk-6_scans.jpg
Berserk,5G_Berserk-7_insta_cropped.jpg,https://raw.githubusercontent.com/dazeyama/klug-alters/main/5G_Berserk-7_insta_cropped.jpg
Berserk,5G_Berserk_scans.jpg,https://raw.githubusercontent.com/dazeyama/klug-alters/main/5G_Berserk_scans.jpg
Birds of Paradise,5G_Birds-of-Paradise-8_scans.jpg,https://raw.githubusercontent.com/dazeyama/klug-alters/main/5G_Birds-of-Paradise-8_scans.jpg
Birds of Paradise,5G_Birds-of-Paradise-9_scans.jpg,https://raw.githubusercontent.com/dazeyama/klug-alters/main/5G_Birds-of-Paradise-9_scans.jpg
Birds of Paradise,5G_Birds-of-Paradise_scans.jpg,https://raw.githubusercontent.com/dazeyama/klug-alters/main/5G_Birds-of-Paradise_scans.jpg
Craterhoof Behemoth,5G_Craterhoof-Behemoth_insta_cropped.jpg,https://raw.githubusercontent.com/dazeyama/klug-alters/main/5G_Craterhoof-Behemoth_insta_cropped.jpg
Crop Rotation,5G_Crop-Rotation_scans.jpg,https://raw.githubusercontent.com/dazeyama/klug-alters/main/5G_Crop-Rotation_scans.jpg
Daughter of Autumn,5G_Daughter-of-Autumn_scans.jpg,https://raw.githubusercontent.com/dazeyama/klug-alters/main/5G_Daughter-of-Autumn_scans.jpg
Esika's Chariot,5G_Esika's-Chariot_scans.jpg,https://raw.githubusercontent.com/dazeyama/klug-alters/main/5G_Esika%27s-Chariot_scans.jpg
Eternal Witness,5G_Eternal-Witness-2_scans.jpg,https://raw.githubusercontent.com/dazeyama/klug-alters/main/5G_Eternal-Witness-2_scans.jpg
Eternal Witness,5G_Eternal-Witness_insta_cropped.jpg,https://raw.githubusercontent.com/dazeyama/klug-alters/main/5G_Eternal-Witness_insta_cropped.jpg
Fastbond,5G_Fastbond_scans.jpg,https://raw.githubusercontent.com/dazeyama/klug-alters/main/5G_Fastbond_scans.jpg
Force of Nature,5G_Force-of-Nature-2_scans.jpg,https://raw.githubusercontent.com/dazeyama/klug-alters/main/5G_Force-of-Nature-2_scans.jpg
"Garruk, Primal Hunter","5G_Garruk,-Primal-Hunter_scans.jpg",https://raw.githubusercontent.com/dazeyama/klug-alters/main/5G_Garruk%2C-Primal-Hunter_scans.jpg
Genesis Wave,5G_Genesis-Wave_scans.jpg,https://raw.githubusercontent.com/dazeyama/klug-alters/main/5G_Genesis-Wave_scans.jpg
Green Sun's Zenith,5G_Green-Sun's-Zenith-2_scans.jpg,https://raw.githubusercontent.com/dazeyama/klug-alters/main/5G_Green-Sun%27s-Zenith-2_scans.jpg
"Grothama, All-Devouring","5G_Grothama,-All-Devouring_scans.jpg",https://raw.githubusercontent.com/dazeyama/klug-alters/main/5G_Grothama%2C-All-Devouring_scans.jpg
Heroic Intervention,5G_Heroic-Intervention-2_scans.jpg,https://raw.githubusercontent.com/dazeyama/klug-alters/main/5G_Heroic-Intervention-2_scans.jpg
Llanowar Elves,5G_Llanowar-Elves-3_scans.jpg,https://raw.githubusercontent.com/dazeyama/klug-alters/main/5G_Llanowar-Elves-3_scans.jpg
Lotus Cobra,5G_Lotus-Cobra_scans.jpg,https://raw.githubusercontent.com/dazeyama/klug-alters/main/5G_Lotus-Cobra_scans.jpg
Master of the Wild Hunt,5G_Master-of-the-Wild-Hunt_scans.jpg,https://raw.githubusercontent.com/dazeyama/klug-alters/main/5G_Master-of-the-Wild-Hunt_scans.jpg
Noble Hierarch,5G_Noble-Hierarch_scans.jpg,https://raw.githubusercontent.com/dazeyama/klug-alters/main/5G_Noble-Hierarch_scans.jpg
Nut Collector,5G_Nut-Collector-2_scans.jpg,https://raw.githubusercontent.com/dazeyama/klug-alters/main/5G_Nut-Collector-2_scans.jpg
Oracle of Mul Daya,5G_Oracle-of-Mul-Daya_scans.jpg,https://raw.githubusercontent.com/dazeyama/klug-alters/main/5G_Oracle-of-Mul-Daya_scans.jpg
Overlord of the Hauntwoods,5G_Overlord-of-the-Hauntwoods-2_scans.jpg,https://raw.githubusercontent.com/dazeyama/klug-alters/main/5G_Overlord-of-the-Hauntwoods-2_scans.jpg
Parallel Evolution,5G_Parallel-Evolution_insta_cropped.jpg,https://raw.githubusercontent.com/dazeyama/klug-alters/main/5G_Parallel-Evolution_insta_cropped.jpg
Primeval Titan,5G_Primeval-Titan_scans.jpg,https://raw.githubusercontent.com/dazeyama/klug-alters/main/5G_Primeval-Titan_scans.jpg
Questing Beast,5G_Questing-Beast-2_scans.jpg,https://raw.githubusercontent.com/dazeyama/klug-alters/main/5G_Questing-Beast-2_scans.jpg
Rampant Growth,5G_Rampant-Growth_scans.jpg,https://raw.githubusercontent.com/dazeyama/klug-alters/main/5G_Rampant-Growth_scans.jpg
Rancor,5G_Rancor-3_scans.jpg,https://raw.githubusercontent.com/dazeyama/klug-alters/main/5G_Rancor-3_scans.jpg
Rancor,5G_Rancor_scans.jpg,https://raw.githubusercontent.com/dazeyama/klug-alters/main/5G_Rancor_scans.jpg
"Selvala, Heart of the Wilds","5G_Selvala,-Heart-of-the-Wilds-3_scans.jpg",https://raw.githubusercontent.com/dazeyama/klug-alters/main/5G_Selvala%2C-Heart-of-the-Wilds-3_scans.jpg
Stream of Life,5G_Stream-of-Life_insta_cropped.jpg,https://raw.githubusercontent.com/dazeyama/klug-alters/main/5G_Stream-of-Life_insta_cropped.jpg
Survival of the Fittest,5G_Survival-of-the-Fittest-2_scans.jpg,https://raw.githubusercontent.com/dazeyama/klug-alters/main/5G_Survival-of-the-Fittest-2_scans.jpg
Survival of the Fittest,5G_Survival-of-the-Fittest_scans.jpg,https://raw.githubusercontent.com/dazeyama/klug-alters/main/5G_Survival-of-the-Fittest_scans.jpg
Sylvan Library,5G_Sylvan-Library-2_scans.jpg,https://raw.githubusercontent.com/dazeyama/klug-alters/main/5G_Sylvan-Library-2_scans.jpg
Sylvan Library,5G_Sylvan-Library-3_scans.jpg,https://raw.githubusercontent.com/dazeyama/klug-alters/main/5G_Sylvan-Library-3_scans.jpg
Sylvan Library,5G_Sylvan-Library_scans.jpg,https://raw.githubusercontent.com/dazeyama/klug-alters/main/5G_Sylvan-Library_scans.jpg
Tarmogoyf,5G_Tarmogoyf-2_collages_cards.jpg,https://raw.githubusercontent.com/dazeyama/klug-alters/main/5G_Tarmogoyf-2_collages_cards.jpg
Tarmogoyf,5G_Tarmogoyf_collages_cards.jpg,https://raw.githubusercontent.com/dazeyama/klug-alters/main/5G_Tarmogoyf_collages_cards.jpg
Tarmogoyf,5G_Tarmogoyf_scans.jpg,https://raw.githubusercontent.com/dazeyama/klug-alters/main/5G_Tarmogoyf_scans.jpg
Tireless Tracker,5G_Tireless-Tracker_scans.jpg,https://raw.githubusercontent.com/dazeyama/klug-alters/main/5G_Tireless-Tracker_scans.jpg
Wall of Blossoms,5G_Wall-of-Blossoms_scans.jpg,https://raw.githubusercontent.com/dazeyama/klug-alters/main/5G_Wall-of-Blossoms_scans.jpg
Warden of the First Tree,5G_Warden-of-the-First-Tree_scans.jpg,https://raw.githubusercontent.com/dazeyama/klug-alters/main/5G_Warden-of-the-First-Tree_scans.jpg
Abrupt Decay,6M_Abrupt-Decay-2_scans.jpg,https://raw.githubusercontent.com/dazeyama/klug-alters/main/6M_Abrupt-Decay-2_scans.jpg
Abrupt Decay,6M_Abrupt-Decay-3_scans.jpg,https://raw.githubusercontent.com/dazeyama/klug-alters/main/6M_Abrupt-Decay-3_scans.jpg
Abrupt Decay,6M_Abrupt-Decay_scans.jpg,https://raw.githubusercontent.com/dazeyama/klug-alters/main/6M_Abrupt-Decay_scans.jpg
Absorb,6M_Absorb_scans.jpg,https://raw.githubusercontent.com/dazeyama/klug-alters/main/6M_Absorb_scans.jpg
Adun Oakenshield,6M_Adun-Oakenshield-2_insta_cropped.jpg,https://raw.githubusercontent.com/dazeyama/klug-alters/main/6M_Adun-Oakenshield-2_insta_cropped.jpg
Adun Oakenshield,6M_Adun-Oakenshield_scans.jpg,https://raw.githubusercontent.com/dazeyama/klug-alters/main/6M_Adun-Oakenshield_scans.jpg
Angel of Despair,6M_Angel-of-Despair-2_scans.jpg,https://raw.githubusercontent.com/dazeyama/klug-alters/main/6M_Angel-of-Despair-2_scans.jpg
Angel of Despair,6M_Angel-of-Despair-3_scans.jpg,https://raw.githubusercontent.com/dazeyama/klug-alters/main/6M_Angel-of-Despair-3_scans.jpg
Angel of Despair,6M_Angel-of-Despair-4_scans.jpg,https://raw.githubusercontent.com/dazeyama/klug-alters/main/6M_Angel-of-Despair-4_scans.jpg
Angel of Despair,6M_Angel-of-Despair_collages_cards.jpg,https://raw.githubusercontent.com/dazeyama/klug-alters/main/6M_Angel-of-Despair_collages_cards.jpg
Angel of Despair,6M_Angel-of-Despair_scans.jpg,https://raw.githubusercontent.com/dazeyama/klug-alters/main/6M_Angel-of-Despair_scans.jpg
Angus Mackenzie,6M_Angus-Mackenzie-2_scans.jpg,https://raw.githubusercontent.com/dazeyama/klug-alters/main/6M_Angus-Mackenzie-2_scans.jpg
Angus Mackenzie,6M_Angus-Mackenzie_scans.jpg,https://raw.githubusercontent.com/dazeyama/klug-alters/main/6M_Angus-Mackenzie_scans.jpg
"Animar, Soul of Elements","6M_Animar,-Soul-of-Elements-2_scans.jpg",https://raw.githubusercontent.com/dazeyama/klug-alters/main/6M_Animar%2C-Soul-of-Elements-2_scans.jpg
"Animar, Soul of Elements","6M_Animar,-Soul-of-Elements-4_insta_cropped.jpg",https://raw.githubusercontent.com/dazeyama/klug-alters/main/6M_Animar%2C-Soul-of-Elements-4_insta_cropped.jpg
"Animar, Soul of Elements","6M_Animar,-Soul-of-Elements_scans.jpg",https://raw.githubusercontent.com/dazeyama/klug-alters/main/6M_Animar%2C-Soul-of-Elements_scans.jpg
"Arahbo, Roar of the World","6M_Arahbo,-Roar-of-the-World-2_scans.jpg",https://raw.githubusercontent.com/dazeyama/klug-alters/main/6M_Arahbo%2C-Roar-of-the-World-2_scans.jpg
Armada Wurm,6M_Armada-Wurm_insta_cropped.jpg,https://raw.githubusercontent.com/dazeyama/klug-alters/main/6M_Armada-Wurm_insta_cropped.jpg
"Ashiok, Nightmare Weaver","6M_Ashiok,-Nightmare-Weaver_scans.jpg",https://raw.githubusercontent.com/dazeyama/klug-alters/main/6M_Ashiok%2C-Nightmare-Weaver_scans.jpg
"Atraxa, Grand Unifier","6M_Atraxa,-Grand-Unifier_scans.jpg",https://raw.githubusercontent.com/dazeyama/klug-alters/main/6M_Atraxa%2C-Grand-Unifier_scans.jpg
"Atraxa, Praetors' Voice","6M_Atraxa,-Praetors'-Voice-2_insta_cropped.jpg",https://raw.githubusercontent.com/dazeyama/klug-alters/main/6M_Atraxa%2C-Praetors%27-Voice-2_insta_cropped.jpg
"Atraxa, Praetors' Voice","6M_Atraxa,-Praetors'-Voice-4_insta_cropped.jpg",https://raw.githubusercontent.com/dazeyama/klug-alters/main/6M_Atraxa%2C-Praetors%27-Voice-4_insta_cropped.jpg
"Atraxa, Praetors' Voice","6M_Atraxa,-Praetors'-Voice_insta_cropped.jpg",https://raw.githubusercontent.com/dazeyama/klug-alters/main/6M_Atraxa%2C-Praetors%27-Voice_insta_cropped.jpg
"Atraxa, Praetors' Voice","6M_Atraxa,-Praetors'-Voice_scans.jpg",https://raw.githubusercontent.com/dazeyama/klug-alters/main/6M_Atraxa%2C-Praetors%27-Voice_scans.jpg
"Aurelia, the Warleader","6M_Aurelia,-the-Warleader-2_insta_cropped.jpg",https://raw.githubusercontent.com/dazeyama/klug-alters/main/6M_Aurelia%2C-the-Warleader-2_insta_cropped.jpg
"Aurelia, the Warleader","6M_Aurelia,-the-Warleader_scans.jpg",https://raw.githubusercontent.com/dazeyama/klug-alters/main/6M_Aurelia%2C-the-Warleader_scans.jpg
"Ayli, Eternal Pilgrim","6M_Ayli,-Eternal-Pilgrim_insta_cropped.jpg",https://raw.githubusercontent.com/dazeyama/klug-alters/main/6M_Ayli%2C-Eternal-Pilgrim_insta_cropped.jpg
Borborygmos Enraged,6M_Borborygmos-Enraged-2_scans.jpg,https://raw.githubusercontent.com/dazeyama/klug-alters/main/6M_Borborygmos-Enraged-2_scans.jpg
Captain Sisay,6M_Captain-Sisay-2_scans.jpg,https://raw.githubusercontent.com/dazeyama/klug-alters/main/6M_Captain-Sisay-2_scans.jpg
Captain Sisay,6M_Captain-Sisay_scans.jpg,https://raw.githubusercontent.com/dazeyama/klug-alters/main/6M_Captain-Sisay_scans.jpg
"Chevill, Bane of Monsters","6M_Chevill,-Bane-of-Monsters_scans.jpg",https://raw.githubusercontent.com/dazeyama/klug-alters/main/6M_Chevill%2C-Bane-of-Monsters_scans.jpg
Child of Alara,6M_Child-of-Alara_scans.jpg,https://raw.githubusercontent.com/dazeyama/klug-alters/main/6M_Child-of-Alara_scans.jpg
Chromanticore,6M_Chromanticore_insta_cropped.jpg,https://raw.githubusercontent.com/dazeyama/klug-alters/main/6M_Chromanticore_insta_cropped.jpg
Dack Fayden,6M_Dack-Fayden_scans.jpg,https://raw.githubusercontent.com/dazeyama/klug-alters/main/6M_Dack-Fayden_scans.jpg
"Damia, Sage of Stone","6M_Damia,-Sage-of-Stone_scans.jpg",https://raw.githubusercontent.com/dazeyama/klug-alters/main/6M_Damia%2C-Sage-of-Stone_scans.jpg
"Depala, Pilot Exemplar","6M_Depala,-Pilot-Exemplar_scans.jpg",https://raw.githubusercontent.com/dazeyama/klug-alters/main/6M_Depala%2C-Pilot-Exemplar_scans.jpg
"Doran, the Siege Tower","6M_Doran,-the-Siege-Tower_scans.jpg",https://raw.githubusercontent.com/dazeyama/klug-alters/main/6M_Doran%2C-the-Siege-Tower_scans.jpg
"Edric, Spymaster of Trest","6M_Edric,-Spymaster-of-Trest-2_scans.jpg",https://raw.githubusercontent.com/dazeyama/klug-alters/main/6M_Edric%2C-Spymaster-of-Trest-2_scans.jpg
"Edric, Spymaster of Trest","6M_Edric,-Spymaster-of-Trest-3_scans.jpg",https://raw.githubusercontent.com/dazeyama/klug-alters/main/6M_Edric%2C-Spymaster-of-Trest-3_scans.jpg
"Edric, Spymaster of Trest","6M_Edric,-Spymaster-of-Trest-4_scans.jpg",https://raw.githubusercontent.com/dazeyama/klug-alters/main/6M_Edric%2C-Spymaster-of-Trest-4_scans.jpg
"Edric, Spymaster of Trest","6M_Edric,-Spymaster-of-Trest_scans.jpg",https://raw.githubusercontent.com/dazeyama/klug-alters/main/6M_Edric%2C-Spymaster-of-Trest_scans.jpg
Etherium-Horn Sorcerer,6M_Etherium-Horn-Sorcerer_scans.jpg,https://raw.githubusercontent.com/dazeyama/klug-alters/main/6M_Etherium-Horn-Sorcerer_scans.jpg
Experiment Kraj,6M_Experiment-Kraj_insta_cropped.jpg,https://raw.githubusercontent.com/dazeyama/klug-alters/main/6M_Experiment-Kraj_insta_cropped.jpg
"Ezuri, Claw of Progress","6M_Ezuri,-Claw-of-Progress_scans.jpg",https://raw.githubusercontent.com/dazeyama/klug-alters/main/6M_Ezuri%2C-Claw-of-Progress_scans.jpg
"Feather, the Redeemed","6M_Feather,-the-Redeemed_scans.jpg",https://raw.githubusercontent.com/dazeyama/klug-alters/main/6M_Feather%2C-the-Redeemed_scans.jpg
Fractured Identity,6M_Fractured-Identity_scans.jpg,https://raw.githubusercontent.com/dazeyama/klug-alters/main/6M_Fractured-Identity_scans.jpg
Gaddock Teeg,6M_Gaddock-Teeg-2_scans.jpg,https://raw.githubusercontent.com/dazeyama/klug-alters/main/6M_Gaddock-Teeg-2_scans.jpg
Geist of Saint Traft,6M_Geist-of-Saint-Traft-2_collages_cards.jpg,https://raw.githubusercontent.com/dazeyama/klug-alters/main/6M_Geist-of-Saint-Traft-2_collages_cards.jpg
Geist of Saint Traft,6M_Geist-of-Saint-Traft-2_scans.jpg,https://raw.githubusercontent.com/dazeyama/klug-alters/main/6M_Geist-of-Saint-Traft-2_scans.jpg
Geist of Saint Traft,6M_Geist-of-Saint-Traft_collages_cards.jpg,https://raw.githubusercontent.com/dazeyama/klug-alters/main/6M_Geist-of-Saint-Traft_collages_cards.jpg
Geist of Saint Traft,6M_Geist-of-Saint-Traft_insta_cropped.jpg,https://raw.githubusercontent.com/dazeyama/klug-alters/main/6M_Geist-of-Saint-Traft_insta_cropped.jpg
"Gisela, Blade of Goldnight","6M_Gisela,-Blade-of-Goldnight_insta_cropped.jpg",https://raw.githubusercontent.com/dazeyama/klug-alters/main/6M_Gisela%2C-Blade-of-Goldnight_insta_cropped.jpg
"Gishath, Sun's Avatar","6M_Gishath,-Sun's-Avatar_scans.jpg",https://raw.githubusercontent.com/dazeyama/klug-alters/main/6M_Gishath%2C-Sun%27s-Avatar_scans.jpg
Grand Arbiter Augustin IV,6M_Grand-Arbiter-Augustin-IV_scans.jpg,https://raw.githubusercontent.com/dazeyama/klug-alters/main/6M_Grand-Arbiter-Augustin-IV_scans.jpg
"Grimgrin, Corpse-Born","6M_Grimgrin,-Corpse-Born-3_scans.jpg",https://raw.githubusercontent.com/dazeyama/klug-alters/main/6M_Grimgrin%2C-Corpse-Born-3_scans.jpg
Havengul Lich,6M_Havengul-Lich_scans.jpg,https://raw.githubusercontent.com/dazeyama/klug-alters/main/6M_Havengul-Lich_scans.jpg
Invert Polarity,6M_Invert-Polarity-2_scans.jpg,https://raw.githubusercontent.com/dazeyama/klug-alters/main/6M_Invert-Polarity-2_scans.jpg
"Ith, High Arcanist","6M_Ith,-High-Arcanist_scans.jpg",https://raw.githubusercontent.com/dazeyama/klug-alters/main/6M_Ith%2C-High-Arcanist_scans.jpg
Jhoira of the Ghitu,6M_Jhoira-of-the-Ghitu-3_scans.jpg,https://raw.githubusercontent.com/dazeyama/klug-alters/main/6M_Jhoira-of-the-Ghitu-3_scans.jpg
Jhoira of the Ghitu,6M_Jhoira-of-the-Ghitu_scans.jpg,https://raw.githubusercontent.com/dazeyama/klug-alters/main/6M_Jhoira-of-the-Ghitu_scans.jpg
"Jodah, the Unifier","6M_Jodah,-the-Unifier-2_scans.jpg",https://raw.githubusercontent.com/dazeyama/klug-alters/main/6M_Jodah%2C-the-Unifier-2_scans.jpg
"Jori En, Ruin Diver","6M_Jori-En,-Ruin-Diver_insta_cropped.jpg",https://raw.githubusercontent.com/dazeyama/klug-alters/main/6M_Jori-En%2C-Ruin-Diver_insta_cropped.jpg
"Kaalia, Zenith Seeker","6M_Kaalia,-Zenith-Seeker-2_scans.jpg",https://raw.githubusercontent.com/dazeyama/klug-alters/main/6M_Kaalia%2C-Zenith-Seeker-2_scans.jpg
Kaalia of the Vast,6M_Kaalia-of-the-Vast-2_scans.jpg,https://raw.githubusercontent.com/dazeyama/klug-alters/main/6M_Kaalia-of-the-Vast-2_scans.jpg
Kaalia of the Vast,6M_Kaalia-of-the-Vast-3_scans.jpg,https://raw.githubusercontent.com/dazeyama/klug-alters/main/6M_Kaalia-of-the-Vast-3_scans.jpg
Kaalia of the Vast,6M_Kaalia-of-the-Vast-4_scans.jpg,https://raw.githubusercontent.com/dazeyama/klug-alters/main/6M_Kaalia-of-the-Vast-4_scans.jpg
Kaalia of the Vast,6M_Kaalia-of-the-Vast-5_scans.jpg,https://raw.githubusercontent.com/dazeyama/klug-alters/main/6M_Kaalia-of-the-Vast-5_scans.jpg
Kaalia of the Vast,6M_Kaalia-of-the-Vast-6_scans.jpg,https://raw.githubusercontent.com/dazeyama/klug-alters/main/6M_Kaalia-of-the-Vast-6_scans.jpg
Kaalia of the Vast,6M_Kaalia-of-the-Vast-7_scans.jpg,https://raw.githubusercontent.com/dazeyama/klug-alters/main/6M_Kaalia-of-the-Vast-7_scans.jpg
Kaalia of the Vast,6M_Kaalia-of-the-Vast-8_scans.jpg,https://raw.githubusercontent.com/dazeyama/klug-alters/main/6M_Kaalia-of-the-Vast-8_scans.jpg
Kaalia of the Vast,6M_Kaalia-of-the-Vast_scans.jpg,https://raw.githubusercontent.com/dazeyama/klug-alters/main/6M_Kaalia-of-the-Vast_scans.jpg
"Kadena, Slinking Sorcerer","6M_Kadena,-Slinking-Sorcerer_insta_cropped.jpg",https://raw.githubusercontent.com/dazeyama/klug-alters/main/6M_Kadena%2C-Slinking-Sorcerer_insta_cropped.jpg
"Karador, Ghost Chieftain","6M_Karador,-Ghost-Chieftain-2_scans.jpg",https://raw.githubusercontent.com/dazeyama/klug-alters/main/6M_Karador%2C-Ghost-Chieftain-2_scans.jpg
"Karador, Ghost Chieftain","6M_Karador,-Ghost-Chieftain-3_scans.jpg",https://raw.githubusercontent.com/dazeyama/klug-alters/main/6M_Karador%2C-Ghost-Chieftain-3_scans.jpg
"Karador, Ghost Chieftain","6M_Karador,-Ghost-Chieftain_insta_cropped.jpg",https://raw.githubusercontent.com/dazeyama/klug-alters/main/6M_Karador%2C-Ghost-Chieftain_insta_cropped.jpg
Karlov of the Ghost Council,6M_Karlov-of-the-Ghost-Council_scans.jpg,https://raw.githubusercontent.com/dazeyama/klug-alters/main/6M_Karlov-of-the-Ghost-Council_scans.jpg
"Kess, Dissident Mage","6M_Kess,-Dissident-Mage-2_scans.jpg",https://raw.githubusercontent.com/dazeyama/klug-alters/main/6M_Kess%2C-Dissident-Mage-2_scans.jpg
"Kess, Dissident Mage","6M_Kess,-Dissident-Mage-3_scans.jpg",https://raw.githubusercontent.com/dazeyama/klug-alters/main/6M_Kess%2C-Dissident-Mage-3_scans.jpg
"Kess, Dissident Mage","6M_Kess,-Dissident-Mage_scans.jpg",https://raw.githubusercontent.com/dazeyama/klug-alters/main/6M_Kess%2C-Dissident-Mage_scans.jpg
"Kiora, the Crashing Wave","6M_Kiora,-the-Crashing-Wave_insta_cropped.jpg",https://raw.githubusercontent.com/dazeyama/klug-alters/main/6M_Kiora%2C-the-Crashing-Wave_insta_cropped.jpg
"Kumena, Tyrant of Orazca","6M_Kumena,-Tyrant-of-Orazca_scans.jpg",https://raw.githubusercontent.com/dazeyama/klug-alters/main/6M_Kumena%2C-Tyrant-of-Orazca_scans.jpg
"Kwain, Itinerant Meddler","6M_Kwain,-Itinerant-Meddler_insta_cropped.jpg",https://raw.githubusercontent.com/dazeyama/klug-alters/main/6M_Kwain%2C-Itinerant-Meddler_insta_cropped.jpg
"Lavinia, Azorius Renegade","6M_Lavinia,-Azorius-Renegade_collages_cards.jpg",https://raw.githubusercontent.com/dazeyama/klug-alters/main/6M_Lavinia%2C-Azorius-Renegade_collages_cards.jpg
"Lazav, Dimir Mastermind","6M_Lazav,-Dimir-Mastermind-2_scans.jpg",https://raw.githubusercontent.com/dazeyama/klug-alters/main/6M_Lazav%2C-Dimir-Mastermind-2_scans.jpg
"Lazav, Dimir Mastermind","6M_Lazav,-Dimir-Mastermind_scans.jpg",https://raw.githubusercontent.com/dazeyama/klug-alters/main/6M_Lazav%2C-Dimir-Mastermind_scans.jpg
Maelstrom Wanderer,6M_Maelstrom-Wanderer_insta_cropped.jpg,https://raw.githubusercontent.com/dazeyama/klug-alters/main/6M_Maelstrom-Wanderer_insta_cropped.jpg
"Marchesa, the Black Rose","6M_Marchesa,-the-Black-Rose-2_scans.jpg",https://raw.githubusercontent.com/dazeyama/klug-alters/main/6M_Marchesa%2C-the-Black-Rose-2_scans.jpg
"Marchesa, the Black Rose","6M_Marchesa,-the-Black-Rose-3_scans.jpg",https://raw.githubusercontent.com/dazeyama/klug-alters/main/6M_Marchesa%2C-the-Black-Rose-3_scans.jpg
"Marchesa, the Black Rose","6M_Marchesa,-the-Black-Rose_scans.jpg",https://raw.githubusercontent.com/dazeyama/klug-alters/main/6M_Marchesa%2C-the-Black-Rose_scans.jpg
Master of Cruelties,6M_Master-of-Cruelties_scans.jpg,https://raw.githubusercontent.com/dazeyama/klug-alters/main/6M_Master-of-Cruelties_scans.jpg
Mayael the Anima,6M_Mayael-the-Anima-2_scans.jpg,https://raw.githubusercontent.com/dazeyama/klug-alters/main/6M_Mayael-the-Anima-2_scans.jpg
"Melek, Izzet Paragon","6M_Melek,-Izzet-Paragon-2_scans.jpg",https://raw.githubusercontent.com/dazeyama/klug-alters/main/6M_Melek%2C-Izzet-Paragon-2_scans.jpg
"Melek, Izzet Paragon","6M_Melek,-Izzet-Paragon_scans.jpg",https://raw.githubusercontent.com/dazeyama/klug-alters/main/6M_Melek%2C-Izzet-Paragon_scans.jpg
Meren of Clan Nel Toth,6M_Meren-of-Clan-Nel-Toth-2_insta_cropped.jpg,https://raw.githubusercontent.com/dazeyama/klug-alters/main/6M_Meren-of-Clan-Nel-Toth-2_insta_cropped.jpg
Meren of Clan Nel Toth,6M_Meren-of-Clan-Nel-Toth-3_scans.jpg,https://raw.githubusercontent.com/dazeyama/klug-alters/main/6M_Meren-of-Clan-Nel-Toth-3_scans.jpg
Merieke Ri Berit,6M_Merieke-Ri-Berit-2_scans.jpg,https://raw.githubusercontent.com/dazeyama/klug-alters/main/6M_Merieke-Ri-Berit-2_scans.jpg
Merieke Ri Berit,6M_Merieke-Ri-Berit_collages_cards.jpg,https://raw.githubusercontent.com/dazeyama/klug-alters/main/6M_Merieke-Ri-Berit_collages_cards.jpg
"Momir Vig, Simic Visionary","6M_Momir-Vig,-Simic-Visionary_insta_cropped.jpg",https://raw.githubusercontent.com/dazeyama/klug-alters/main/6M_Momir-Vig%2C-Simic-Visionary_insta_cropped.jpg
"Momir Vig, Simic Visionary","6M_Momir-Vig,-Simic-Visionary_scans.jpg",https://raw.githubusercontent.com/dazeyama/klug-alters/main/6M_Momir-Vig%2C-Simic-Visionary_scans.jpg
Mortify,6M_Mortify_insta_cropped.jpg,https://raw.githubusercontent.com/dazeyama/klug-alters/main/6M_Mortify_insta_cropped.jpg
Mystic Snake,6M_Mystic-Snake_scans.jpg,https://raw.githubusercontent.com/dazeyama/klug-alters/main/6M_Mystic-Snake_scans.jpg
"Nahiri, the Harbinger","6M_Nahiri,-the-Harbinger-3_scans.jpg",https://raw.githubusercontent.com/dazeyama/klug-alters/main/6M_Nahiri%2C-the-Harbinger-3_scans.jpg
Narset Transcendent,6M_Narset-Transcendent_collages_cards.jpg,https://raw.githubusercontent.com/dazeyama/klug-alters/main/6M_Narset-Transcendent_collages_cards.jpg
"Nekusar, the Mindrazer","6M_Nekusar,-the-Mindrazer-2_insta_cropped.jpg",https://raw.githubusercontent.com/dazeyama/klug-alters/main/6M_Nekusar%2C-the-Mindrazer-2_insta_cropped.jpg
"Nekusar, the Mindrazer","6M_Nekusar,-the-Mindrazer-3_collages_cards.jpg",https://raw.githubusercontent.com/dazeyama/klug-alters/main/6M_Nekusar%2C-the-Mindrazer-3_collages_cards.jpg
"Nekusar, the Mindrazer","6M_Nekusar,-the-Mindrazer_scans.jpg",https://raw.githubusercontent.com/dazeyama/klug-alters/main/6M_Nekusar%2C-the-Mindrazer_scans.jpg
"Nicol Bolas, Planeswalker","6M_Nicol-Bolas,-Planeswalker-2_scans.jpg",https://raw.githubusercontent.com/dazeyama/klug-alters/main/6M_Nicol-Bolas%2C-Planeswalker-2_scans.jpg
"Nicol Bolas, Planeswalker","6M_Nicol-Bolas,-Planeswalker-3_scans.jpg",https://raw.githubusercontent.com/dazeyama/klug-alters/main/6M_Nicol-Bolas%2C-Planeswalker-3_scans.jpg
"Niv-Mizzet, Dracogenius","6M_Niv-Mizzet,-Dracogenius_collages_cards.jpg",https://raw.githubusercontent.com/dazeyama/klug-alters/main/6M_Niv-Mizzet%2C-Dracogenius_collages_cards.jpg
"Niv-Mizzet, the Firemind","6M_Niv-Mizzet,-the-Firemind-2_scans.jpg",https://raw.githubusercontent.com/dazeyama/klug-alters/main/6M_Niv-Mizzet%2C-the-Firemind-2_scans.jpg
"Niv-Mizzet, the Firemind","6M_Niv-Mizzet,-the-Firemind-4_collages_cards.jpg",https://raw.githubusercontent.com/dazeyama/klug-alters/main/6M_Niv-Mizzet%2C-the-Firemind-4_collages_cards.jpg
"Niv-Mizzet, the Firemind","6M_Niv-Mizzet,-the-Firemind_collages_cards.jpg",https://raw.githubusercontent.com/dazeyama/klug-alters/main/6M_Niv-Mizzet%2C-the-Firemind_collages_cards.jpg
"Numot, the Devastator","6M_Numot,-the-Devastator_collages_cards.jpg",https://raw.githubusercontent.com/dazeyama/klug-alters/main/6M_Numot%2C-the-Devastator_collages_cards.jpg
"Obzedat, Ghost Council","6M_Obzedat,-Ghost-Council_scans.jpg",https://raw.githubusercontent.com/dazeyama/klug-alters/main/6M_Obzedat%2C-Ghost-Council_scans.jpg
Olivia Voldaren,6M_Olivia-Voldaren-2_scans.jpg,https://raw.githubusercontent.com/dazeyama/klug-alters/main/6M_Olivia-Voldaren-2_scans.jpg
Olivia Voldaren,6M_Olivia-Voldaren-3_collages_cards.jpg,https://raw.githubusercontent.com/dazeyama/klug-alters/main/6M_Olivia-Voldaren-3_collages_cards.jpg
Olivia Voldaren,6M_Olivia-Voldaren-4_scans.jpg,https://raw.githubusercontent.com/dazeyama/klug-alters/main/6M_Olivia-Voldaren-4_scans.jpg
Olivia Voldaren,6M_Olivia-Voldaren-5_scans.jpg,https://raw.githubusercontent.com/dazeyama/klug-alters/main/6M_Olivia-Voldaren-5_scans.jpg
"Omo, Queen of Vesuva","6M_Omo,-Queen-of-Vesuva_scans.jpg",https://raw.githubusercontent.com/dazeyama/klug-alters/main/6M_Omo%2C-Queen-of-Vesuva_scans.jpg
"Phenax, God of Deception","6M_Phenax,-God-of-Deception_insta_cropped.jpg",https://raw.githubusercontent.com/dazeyama/klug-alters/main/6M_Phenax%2C-God-of-Deception_insta_cropped.jpg
Prime Speaker Vannifar,6M_Prime-Speaker-Vannifar_collages_cards.jpg,https://raw.githubusercontent.com/dazeyama/klug-alters/main/6M_Prime-Speaker-Vannifar_collages_cards.jpg
Progenitus,6M_Progenitus_insta_cropped.jpg,https://raw.githubusercontent.com/dazeyama/klug-alters/main/6M_Progenitus_insta_cropped.jpg
"Prossh, Skyraider of Kher","6M_Prossh,-Skyraider-of-Kher_scans.jpg",https://raw.githubusercontent.com/dazeyama/klug-alters/main/6M_Prossh%2C-Skyraider-of-Kher_scans.jpg
Psychic Frog,6M_Psychic-Frog_scans.jpg,https://raw.githubusercontent.com/dazeyama/klug-alters/main/6M_Psychic-Frog_scans.jpg
Queen Marchesa,6M_Queen-Marchesa-2_insta_cropped.jpg,https://raw.githubusercontent.com/dazeyama/klug-alters/main/6M_Queen-Marchesa-2_insta_cropped.jpg
Queen Marchesa,6M_Queen-Marchesa_scans.jpg,https://raw.githubusercontent.com/dazeyama/klug-alters/main/6M_Queen-Marchesa_scans.jpg
Rafiq of the Many,6M_Rafiq-of-the-Many_scans.jpg,https://raw.githubusercontent.com/dazeyama/klug-alters/main/6M_Rafiq-of-the-Many_scans.jpg
Reaper King,6M_Reaper-King_scans.jpg,https://raw.githubusercontent.com/dazeyama/klug-alters/main/6M_Reaper-King_scans.jpg
Reflect Damage,6M_Reflect-Damage_scans.jpg,https://raw.githubusercontent.com/dazeyama/klug-alters/main/6M_Reflect-Damage_scans.jpg
Rhys the Redeemed,6M_Rhys-the-Redeemed_collages_cards.jpg,https://raw.githubusercontent.com/dazeyama/klug-alters/main/6M_Rhys-the-Redeemed_collages_cards.jpg
Riku of Two Reflections,6M_Riku-of-Two-Reflections-2_scans.jpg,https://raw.githubusercontent.com/dazeyama/klug-alters/main/6M_Riku-of-Two-Reflections-2_scans.jpg
Riku of Two Reflections,6M_Riku-of-Two-Reflections-3_scans.jpg,https://raw.githubusercontent.com/dazeyama/klug-alters/main/6M_Riku-of-Two-Reflections-3_scans.jpg
"Rin and Seri, Inseparable","6M_Rin-and-Seri,-Inseparable_scans.jpg",https://raw.githubusercontent.com/dazeyama/klug-alters/main/6M_Rin-and-Seri%2C-Inseparable_scans.jpg
Rosheen Meanderer,6M_Rosheen-Meanderer_scans.jpg,https://raw.githubusercontent.com/dazeyama/klug-alters/main/6M_Rosheen-Meanderer_scans.jpg
Rubinia Soulsinger,6M_Rubinia-Soulsinger-2_scans.jpg,https://raw.githubusercontent.com/dazeyama/klug-alters/main/6M_Rubinia-Soulsinger-2_scans.jpg
Rubinia Soulsinger,6M_Rubinia-Soulsinger_scans.jpg,https://raw.githubusercontent.com/dazeyama/klug-alters/main/6M_Rubinia-Soulsinger_scans.jpg
Saffi Eriksdotter,6M_Saffi-Eriksdotter-2_scans.jpg,https://raw.githubusercontent.com/dazeyama/klug-alters/main/6M_Saffi-Eriksdotter-2_scans.jpg
Sarkhan Unbroken,6M_Sarkhan-Unbroken_collages_cards.jpg,https://raw.githubusercontent.com/dazeyama/klug-alters/main/6M_Sarkhan-Unbroken_collages_cards.jpg
Scion of the Ur-Dragon,6M_Scion-of-the-Ur-Dragon-2_insta_cropped.jpg,https://raw.githubusercontent.com/dazeyama/klug-alters/main/6M_Scion-of-the-Ur-Dragon-2_insta_cropped.jpg
Scion of the Ur-Dragon,6M_Scion-of-the-Ur-Dragon-3_insta_cropped.jpg,https://raw.githubusercontent.com/dazeyama/klug-alters/main/6M_Scion-of-the-Ur-Dragon-3_insta_cropped.jpg
Scion of the Ur-Dragon,6M_Scion-of-the-Ur-Dragon-4_scans.jpg,https://raw.githubusercontent.com/dazeyama/klug-alters/main/6M_Scion-of-the-Ur-Dragon-4_scans.jpg
Scion of the Ur-Dragon,6M_Scion-of-the-Ur-Dragon_insta_cropped.jpg,https://raw.githubusercontent.com/dazeyama/klug-alters/main/6M_Scion-of-the-Ur-Dragon_insta_cropped.jpg
Sharuum the Hegemon,6M_Sharuum-the-Hegemon-2_scans.jpg,https://raw.githubusercontent.com/dazeyama/klug-alters/main/6M_Sharuum-the-Hegemon-2_scans.jpg
Sharuum the Hegemon,6M_Sharuum-the-Hegemon_insta_cropped.jpg,https://raw.githubusercontent.com/dazeyama/klug-alters/main/6M_Sharuum-the-Hegemon_insta_cropped.jpg
Sharuum the Hegemon,6M_Sharuum-the-Hegemon_scans.jpg,https://raw.githubusercontent.com/dazeyama/klug-alters/main/6M_Sharuum-the-Hegemon_scans.jpg
"Sidisi, Brood Tyrant","6M_Sidisi,-Brood-Tyrant-3_insta_cropped.jpg",https://raw.githubusercontent.com/dazeyama/klug-alters/main/6M_Sidisi%2C-Brood-Tyrant-3_insta_cropped.jpg
Siege Rhino,6M_Siege-Rhino_scans.jpg,https://raw.githubusercontent.com/dazeyama/klug-alters/main/6M_Siege-Rhino_scans.jpg
Sliver Queen,6M_Sliver-Queen-3_collages_cards.jpg,https://raw.githubusercontent.com/dazeyama/klug-alters/main/6M_Sliver-Queen-3_collages_cards.jpg
Sliver Queen,6M_Sliver-Queen_scans.jpg,https://raw.githubusercontent.com/dazeyama/klug-alters/main/6M_Sliver-Queen_scans.jpg
Sol'kanar the Swamp King,6M_Sol'kanar-the-Swamp-King_scans.jpg,https://raw.githubusercontent.com/dazeyama/klug-alters/main/6M_Sol%27kanar-the-Swamp-King_scans.jpg
"Sorin, Solemn Visitor","6M_Sorin,-Solemn-Visitor_collages_cards.jpg",https://raw.githubusercontent.com/dazeyama/klug-alters/main/6M_Sorin%2C-Solemn-Visitor_collages_cards.jpg
"Stonebrow, Krosan Hero","6M_Stonebrow,-Krosan-Hero_scans.jpg",https://raw.githubusercontent.com/dazeyama/klug-alters/main/6M_Stonebrow%2C-Krosan-Hero_scans.jpg
Suffocating Blast,6M_Suffocating-Blast_insta_cropped.jpg,https://raw.githubusercontent.com/dazeyama/klug-alters/main/6M_Suffocating-Blast_insta_cropped.jpg
"Sydri, Galvanic Genius","6M_Sydri,-Galvanic-Genius-2_scans.jpg",https://raw.githubusercontent.com/dazeyama/klug-alters/main/6M_Sydri%2C-Galvanic-Genius-2_scans.jpg
"Sydri, Galvanic Genius","6M_Sydri,-Galvanic-Genius_scans.jpg",https://raw.githubusercontent.com/dazeyama/klug-alters/main/6M_Sydri%2C-Galvanic-Genius_scans.jpg
"Sygg, River Cutthroat","6M_Sygg,-River-Cutthroat_scans.jpg",https://raw.githubusercontent.com/dazeyama/klug-alters/main/6M_Sygg%2C-River-Cutthroat_scans.jpg
"Tariel, Reckoner of Souls","6M_Tariel,-Reckoner-of-Souls_scans.jpg",https://raw.githubusercontent.com/dazeyama/klug-alters/main/6M_Tariel%2C-Reckoner-of-Souls_scans.jpg
"Tatyova, Benthic Druid","6M_Tatyova,-Benthic-Druid_scans.jpg",https://raw.githubusercontent.com/dazeyama/klug-alters/main/6M_Tatyova%2C-Benthic-Druid_scans.jpg
"Teysa, Orzhov Scion","6M_Teysa,-Orzhov-Scion-2_collages_cards.jpg",https://raw.githubusercontent.com/dazeyama/klug-alters/main/6M_Teysa%2C-Orzhov-Scion-2_collages_cards.jpg
"Teysa, Orzhov Scion","6M_Teysa,-Orzhov-Scion-3_scans.jpg",https://raw.githubusercontent.com/dazeyama/klug-alters/main/6M_Teysa%2C-Orzhov-Scion-3_scans.jpg
"Tezzeret, Agent of Bolas","6M_Tezzeret,-Agent-of-Bolas_scans.jpg",https://raw.githubusercontent.com/dazeyama/klug-alters/main/6M_Tezzeret%2C-Agent-of-Bolas_scans.jpg
The First Sliver,6M_The-First-Sliver-2_scans.jpg,https://raw.githubusercontent.com/dazeyama/klug-alters/main/6M_The-First-Sliver-2_scans.jpg
The Gitrog Monster,6M_The-Gitrog-Monster_scans.jpg,https://raw.githubusercontent.com/dazeyama/klug-alters/main/6M_The-Gitrog-Monster_scans.jpg
The Mimeoplasm,6M_The-Mimeoplasm-2_scans.jpg,https://raw.githubusercontent.com/dazeyama/klug-alters/main/6M_The-Mimeoplasm-2_scans.jpg
The Mimeoplasm,6M_The-Mimeoplasm-4_scans.jpg,https://raw.githubusercontent.com/dazeyama/klug-alters/main/6M_The-Mimeoplasm-4_scans.jpg
The Mimeoplasm,6M_The-Mimeoplasm_collages_cards.jpg,https://raw.githubusercontent.com/dazeyama/klug-alters/main/6M_The-Mimeoplasm_collages_cards.jpg
The Mimeoplasm,6M_The-Mimeoplasm_scans.jpg,https://raw.githubusercontent.com/dazeyama/klug-alters/main/6M_The-Mimeoplasm_scans.jpg
The Scarab God,6M_The-Scarab-God-4_scans.jpg,https://raw.githubusercontent.com/dazeyama/klug-alters/main/6M_The-Scarab-God-4_scans.jpg
Tidehollow Sculler,6M_Tidehollow-Sculler_scans.jpg,https://raw.githubusercontent.com/dazeyama/klug-alters/main/6M_Tidehollow-Sculler_scans.jpg
Tuvasa the Sunlit,6M_Tuvasa-the-Sunlit-2_scans.jpg,https://raw.githubusercontent.com/dazeyama/klug-alters/main/6M_Tuvasa-the-Sunlit-2_scans.jpg
Undermine,6M_Undermine_scans.jpg,https://raw.githubusercontent.com/dazeyama/klug-alters/main/6M_Undermine_scans.jpg
"Uril, the Miststalker","6M_Uril,-the-Miststalker_insta_cropped.jpg",https://raw.githubusercontent.com/dazeyama/klug-alters/main/6M_Uril%2C-the-Miststalker_insta_cropped.jpg
Vela the Night-Clad,6M_Vela-the-Night-Clad_scans.jpg,https://raw.githubusercontent.com/dazeyama/klug-alters/main/6M_Vela-the-Night-Clad_scans.jpg
"Venser, the Sojourner","6M_Venser,-the-Sojourner-2_scans.jpg",https://raw.githubusercontent.com/dazeyama/klug-alters/main/6M_Venser%2C-the-Sojourner-2_scans.jpg
"Venser, the Sojourner","6M_Venser,-the-Sojourner-3_scans.jpg",https://raw.githubusercontent.com/dazeyama/klug-alters/main/6M_Venser%2C-the-Sojourner-3_scans.jpg
"Venser, the Sojourner","6M_Venser,-the-Sojourner_collages_cards.jpg",https://raw.githubusercontent.com/dazeyama/klug-alters/main/6M_Venser%2C-the-Sojourner_collages_cards.jpg
"Venser, the Sojourner","6M_Venser,-the-Sojourner_scans.jpg",https://raw.githubusercontent.com/dazeyama/klug-alters/main/6M_Venser%2C-the-Sojourner_scans.jpg
Vial Smasher the Fierce,6M_Vial-Smasher-the-Fierce_scans.jpg,https://raw.githubusercontent.com/dazeyama/klug-alters/main/6M_Vial-Smasher-the-Fierce_scans.jpg
"Vish Kal, Blood Arbiter","6M_Vish-Kal,-Blood-Arbiter_scans.jpg",https://raw.githubusercontent.com/dazeyama/klug-alters/main/6M_Vish-Kal%2C-Blood-Arbiter_scans.jpg
"Wort, the Raidmother","6M_Wort,-the-Raidmother_scans.jpg",https://raw.githubusercontent.com/dazeyama/klug-alters/main/6M_Wort%2C-the-Raidmother_scans.jpg
"Wydwen, the Biting Gale","6M_Wydwen,-the-Biting-Gale_scans.jpg",https://raw.githubusercontent.com/dazeyama/klug-alters/main/6M_Wydwen%2C-the-Biting-Gale_scans.jpg
"Xenagos, God of Revels","6M_Xenagos,-God-of-Revels_scans.jpg",https://raw.githubusercontent.com/dazeyama/klug-alters/main/6M_Xenagos%2C-God-of-Revels_scans.jpg
"Yuriko, the Tiger's Shadow","6M_Yuriko,-the-Tiger's-Shadow-4_scans.jpg",https://raw.githubusercontent.com/dazeyama/klug-alters/main/6M_Yuriko%2C-the-Tiger%27s-Shadow-4_scans.jpg
"Yuriko, the Tiger's Shadow","6M_Yuriko,-the-Tiger's-Shadow_collages_cards.jpg",https://raw.githubusercontent.com/dazeyama/klug-alters/main/6M_Yuriko%2C-the-Tiger%27s-Shadow_collages_cards.jpg
Zedruu the Greathearted,6M_Zedruu-the-Greathearted_scans.jpg,https://raw.githubusercontent.com/dazeyama/klug-alters/main/6M_Zedruu-the-Greathearted_scans.jpg
Zur the Enchanter,6M_Zur-the-Enchanter_insta_cropped.jpg,https://raw.githubusercontent.com/dazeyama/klug-alters/main/6M_Zur-the-Enchanter_insta_cropped.jpg
Akroma's Memorial,7A_Akroma's-Memorial_insta_cropped.jpg,https://raw.githubusercontent.com/dazeyama/klug-alters/main/7A_Akroma%27s-Memorial_insta_cropped.jpg
Aladdin's Lamp,7A_Aladdin's-Lamp_scans.jpg,https://raw.githubusercontent.com/dazeyama/klug-alters/main/7A_Aladdin%27s-Lamp_scans.jpg
All Is Dust,7A_All-Is-Dust_scans.jpg,https://raw.githubusercontent.com/dazeyama/klug-alters/main/7A_All-Is-Dust_scans.jpg
Arcbound Ravager,7A_Arcbound-Ravager-2_scans.jpg,https://raw.githubusercontent.com/dazeyama/klug-alters/main/7A_Arcbound-Ravager-2_scans.jpg
Ashnod's Altar,7A_Ashnod's-Altar_scans.jpg,https://raw.githubusercontent.com/dazeyama/klug-alters/main/7A_Ashnod%27s-Altar_scans.jpg
Batterskull,7A_Batterskull_scans.jpg,https://raw.githubusercontent.com/dazeyama/klug-alters/main/7A_Batterskull_scans.jpg
Black Lotus,7A_Black-Lotus-10_scans.jpg,https://raw.githubusercontent.com/dazeyama/klug-alters/main/7A_Black-Lotus-10_scans.jpg
Black Lotus,7A_Black-Lotus-12_collages_cards.jpg,https://raw.githubusercontent.com/dazeyama/klug-alters/main/7A_Black-Lotus-12_collages_cards.jpg
Black Lotus,7A_Black-Lotus-13_collages_cards.jpg,https://raw.githubusercontent.com/dazeyama/klug-alters/main/7A_Black-Lotus-13_collages_cards.jpg
Black Lotus,7A_Black-Lotus-14_scans.jpg,https://raw.githubusercontent.com/dazeyama/klug-alters/main/7A_Black-Lotus-14_scans.jpg
Black Lotus,7A_Black-Lotus-2_scans.jpg,https://raw.githubusercontent.com/dazeyama/klug-alters/main/7A_Black-Lotus-2_scans.jpg
Black Lotus,7A_Black-Lotus-3_collages_cards.jpg,https://raw.githubusercontent.com/dazeyama/klug-alters/main/7A_Black-Lotus-3_collages_cards.jpg
Black Lotus,7A_Black-Lotus-3_scans.jpg,https://raw.githubusercontent.com/dazeyama/klug-alters/main/7A_Black-Lotus-3_scans.jpg
Black Lotus,7A_Black-Lotus-4_insta_cropped.jpg,https://raw.githubusercontent.com/dazeyama/klug-alters/main/7A_Black-Lotus-4_insta_cropped.jpg
Black Lotus,7A_Black-Lotus-4_scans.jpg,https://raw.githubusercontent.com/dazeyama/klug-alters/main/7A_Black-Lotus-4_scans.jpg
Black Lotus,7A_Black-Lotus-5_insta_cropped.jpg,https://raw.githubusercontent.com/dazeyama/klug-alters/main/7A_Black-Lotus-5_insta_cropped.jpg
Black Lotus,7A_Black-Lotus-6_collages_cards.jpg,https://raw.githubusercontent.com/dazeyama/klug-alters/main/7A_Black-Lotus-6_collages_cards.jpg
Black Lotus,7A_Black-Lotus-7_scans.jpg,https://raw.githubusercontent.com/dazeyama/klug-alters/main/7A_Black-Lotus-7_scans.jpg
Black Lotus,7A_Black-Lotus-8_scans.jpg,https://raw.githubusercontent.com/dazeyama/klug-alters/main/7A_Black-Lotus-8_scans.jpg
Black Lotus,7A_Black-Lotus_scans.jpg,https://raw.githubusercontent.com/dazeyama/klug-alters/main/7A_Black-Lotus_scans.jpg
Blightsteel Colossus,7A_Blightsteel-Colossus-2_scans.jpg,https://raw.githubusercontent.com/dazeyama/klug-alters/main/7A_Blightsteel-Colossus-2_scans.jpg
Blightsteel Colossus,7A_Blightsteel-Colossus-3_scans.jpg,https://raw.githubusercontent.com/dazeyama/klug-alters/main/7A_Blightsteel-Colossus-3_scans.jpg
Blightsteel Colossus,7A_Blightsteel-Colossus-7_scans.jpg,https://raw.githubusercontent.com/dazeyama/klug-alters/main/7A_Blightsteel-Colossus-7_scans.jpg
Blightsteel Colossus,7A_Blightsteel-Colossus_collages_cards.jpg,https://raw.githubusercontent.com/dazeyama/klug-alters/main/7A_Blightsteel-Colossus_collages_cards.jpg
Blightsteel Colossus,7A_Blightsteel-Colossus_scans.jpg,https://raw.githubusercontent.com/dazeyama/klug-alters/main/7A_Blightsteel-Colossus_scans.jpg
Candelabra of Tawnos,7A_Candelabra-of-Tawnos-3_scans.jpg,https://raw.githubusercontent.com/dazeyama/klug-alters/main/7A_Candelabra-of-Tawnos-3_scans.jpg
Candelabra of Tawnos,7A_Candelabra-of-Tawnos-4_scans.jpg,https://raw.githubusercontent.com/dazeyama/klug-alters/main/7A_Candelabra-of-Tawnos-4_scans.jpg
Candelabra of Tawnos,7A_Candelabra-of-Tawnos_scans.jpg,https://raw.githubusercontent.com/dazeyama/klug-alters/main/7A_Candelabra-of-Tawnos_scans.jpg
Chaos Orb,7A_Chaos-Orb-3_collages_cards.jpg,https://raw.githubusercontent.com/dazeyama/klug-alters/main/7A_Chaos-Orb-3_collages_cards.jpg
Chromatic Lantern,7A_Chromatic-Lantern_scans.jpg,https://raw.githubusercontent.com/dazeyama/klug-alters/main/7A_Chromatic-Lantern_scans.jpg
Clay Statue,7A_Clay-Statue-2_scans.jpg,https://raw.githubusercontent.com/dazeyama/klug-alters/main/7A_Clay-Statue-2_scans.jpg
Conjurer's Closet,7A_Conjurer's-Closet-2_scans.jpg,https://raw.githubusercontent.com/dazeyama/klug-alters/main/7A_Conjurer%27s-Closet-2_scans.jpg
Crucible of Worlds,7A_Crucible-of-Worlds-3_scans.jpg,https://raw.githubusercontent.com/dazeyama/klug-alters/main/7A_Crucible-of-Worlds-3_scans.jpg
Crucible of Worlds,7A_Crucible-of-Worlds_scans.jpg,https://raw.githubusercontent.com/dazeyama/klug-alters/main/7A_Crucible-of-Worlds_scans.jpg
Crystal Shard,7A_Crystal-Shard_scans.jpg,https://raw.githubusercontent.com/dazeyama/klug-alters/main/7A_Crystal-Shard_scans.jpg
Crystalline Giant,7A_Crystalline-Giant-2_scans.jpg,https://raw.githubusercontent.com/dazeyama/klug-alters/main/7A_Crystalline-Giant-2_scans.jpg
Darksteel Colossus,7A_Darksteel-Colossus-2_scans.jpg,https://raw.githubusercontent.com/dazeyama/klug-alters/main/7A_Darksteel-Colossus-2_scans.jpg
Darksteel Colossus,7A_Darksteel-Colossus_scans.jpg,https://raw.githubusercontent.com/dazeyama/klug-alters/main/7A_Darksteel-Colossus_scans.jpg
Duplicant,7A_Duplicant_scans.jpg,https://raw.githubusercontent.com/dazeyama/klug-alters/main/7A_Duplicant_scans.jpg
"Emrakul, the Aeons Torn","7A_Emrakul,-the-Aeons-Torn-5_scans.jpg",https://raw.githubusercontent.com/dazeyama/klug-alters/main/7A_Emrakul%2C-the-Aeons-Torn-5_scans.jpg
"Emrakul, the Aeons Torn","7A_Emrakul,-the-Aeons-Torn-7_scans.jpg",https://raw.githubusercontent.com/dazeyama/klug-alters/main/7A_Emrakul%2C-the-Aeons-Torn-7_scans.jpg
"Emrakul, the Aeons Torn","7A_Emrakul,-the-Aeons-Torn_insta_cropped.jpg",https://raw.githubusercontent.com/dazeyama/klug-alters/main/7A_Emrakul%2C-the-Aeons-Torn_insta_cropped.jpg
"Emrakul, the Promised End","7A_Emrakul,-the-Promised-End_insta_cropped.jpg",https://raw.githubusercontent.com/dazeyama/klug-alters/main/7A_Emrakul%2C-the-Promised-End_insta_cropped.jpg
Expedition Map,7A_Expedition-Map_scans.jpg,https://raw.githubusercontent.com/dazeyama/klug-alters/main/7A_Expedition-Map_scans.jpg
Forcefield,7A_Forcefield_insta_cropped.jpg,https://raw.githubusercontent.com/dazeyama/klug-alters/main/7A_Forcefield_insta_cropped.jpg
Gauntlet of Might,7A_Gauntlet-of-Might-2_scans.jpg,https://raw.githubusercontent.com/dazeyama/klug-alters/main/7A_Gauntlet-of-Might-2_scans.jpg
Gauntlet of Might,7A_Gauntlet-of-Might_scans.jpg,https://raw.githubusercontent.com/dazeyama/klug-alters/main/7A_Gauntlet-of-Might_scans.jpg
Gauntlet of Power,7A_Gauntlet-of-Power_scans.jpg,https://raw.githubusercontent.com/dazeyama/klug-alters/main/7A_Gauntlet-of-Power_scans.jpg
"Golos, Tireless Pilgrim","7A_Golos,-Tireless-Pilgrim-3_scans.jpg",https://raw.githubusercontent.com/dazeyama/klug-alters/main/7A_Golos%2C-Tireless-Pilgrim-3_scans.jpg
"Golos, Tireless Pilgrim","7A_Golos,-Tireless-Pilgrim-4_scans.jpg",https://raw.githubusercontent.com/dazeyama/klug-alters/main/7A_Golos%2C-Tireless-Pilgrim-4_scans.jpg
Helm of Possession,7A_Helm-of-Possession_scans.jpg,https://raw.githubusercontent.com/dazeyama/klug-alters/main/7A_Helm-of-Possession_scans.jpg
Horn of Plenty,7A_Horn-of-Plenty_scans.jpg,https://raw.githubusercontent.com/dazeyama/klug-alters/main/7A_Horn-of-Plenty_scans.jpg
Icy Manipulator,7A_Icy-Manipulator_scans.jpg,https://raw.githubusercontent.com/dazeyama/klug-alters/main/7A_Icy-Manipulator_scans.jpg
Juggernaut,7A_Juggernaut_insta_cropped.jpg,https://raw.githubusercontent.com/dazeyama/klug-alters/main/7A_Juggernaut_insta_cropped.jpg
"Karn, Silver Golem","7A_Karn,-Silver-Golem-2_scans.jpg",https://raw.githubusercontent.com/dazeyama/klug-alters/main/7A_Karn%2C-Silver-Golem-2_scans.jpg
Karn Liberated,7A_Karn-Liberated-2_scans.jpg,https://raw.githubusercontent.com/dazeyama/klug-alters/main/7A_Karn-Liberated-2_scans.jpg
Karn Liberated,7A_Karn-Liberated-3_scans.jpg,https://raw.githubusercontent.com/dazeyama/klug-alters/main/7A_Karn-Liberated-3_scans.jpg
Karn Liberated,7A_Karn-Liberated-5_scans.jpg,https://raw.githubusercontent.com/dazeyama/klug-alters/main/7A_Karn-Liberated-5_scans.jpg
Karn Liberated,7A_Karn-Liberated_scans.jpg,https://raw.githubusercontent.com/dazeyama/klug-alters/main/7A_Karn-Liberated_scans.jpg
"Kozilek, Butcher of Truth","7A_Kozilek,-Butcher-of-Truth-2_insta_cropped.jpg",https://raw.githubusercontent.com/dazeyama/klug-alters/main/7A_Kozilek%2C-Butcher-of-Truth-2_insta_cropped.jpg
Lion's Eye Diamond,7A_Lion's-Eye-Diamond-11_collages_cards.jpg,https://raw.githubusercontent.com/dazeyama/klug-alters/main/7A_Lion%27s-Eye-Diamond-11_collages_cards.jpg
Lion's Eye Diamond,7A_Lion's-Eye-Diamond-2_scans.jpg,https://raw.githubusercontent.com/dazeyama/klug-alters/main/7A_Lion%27s-Eye-Diamond-2_scans.jpg
Lion's Eye Diamond,7A_Lion's-Eye-Diamond-3_collages_cards.jpg,https://raw.githubusercontent.com/dazeyama/klug-alters/main/7A_Lion%27s-Eye-Diamond-3_collages_cards.jpg
Lion's Eye Diamond,7A_Lion's-Eye-Diamond-4_collages_cards.jpg,https://raw.githubusercontent.com/dazeyama/klug-alters/main/7A_Lion%27s-Eye-Diamond-4_collages_cards.jpg
Lion's Eye Diamond,7A_Lion's-Eye-Diamond-5_insta_cropped.jpg,https://raw.githubusercontent.com/dazeyama/klug-alters/main/7A_Lion%27s-Eye-Diamond-5_insta_cropped.jpg
Lion's Eye Diamond,7A_Lion's-Eye-Diamond-6_scans.jpg,https://raw.githubusercontent.com/dazeyama/klug-alters/main/7A_Lion%27s-Eye-Diamond-6_scans.jpg
Lion's Eye Diamond,7A_Lion's-Eye-Diamond-8_scans.jpg,https://raw.githubusercontent.com/dazeyama/klug-alters/main/7A_Lion%27s-Eye-Diamond-8_scans.jpg
Lion's Eye Diamond,7A_Lion's-Eye-Diamond-9_scans.jpg,https://raw.githubusercontent.com/dazeyama/klug-alters/main/7A_Lion%27s-Eye-Diamond-9_scans.jpg
Lodestone Golem,7A_Lodestone-Golem_scans.jpg,https://raw.githubusercontent.com/dazeyama/klug-alters/main/7A_Lodestone-Golem_scans.jpg
Mana Crypt,7A_Mana-Crypt_scans.jpg,https://raw.githubusercontent.com/dazeyama/klug-alters/main/7A_Mana-Crypt_scans.jpg
Mana Vault,7A_Mana-Vault-2_scans.jpg,https://raw.githubusercontent.com/dazeyama/klug-alters/main/7A_Mana-Vault-2_scans.jpg
Mind's Eye,7A_Mind's-Eye_scans.jpg,https://raw.githubusercontent.com/dazeyama/klug-alters/main/7A_Mind%27s-Eye_scans.jpg
Mirari,7A_Mirari-2_scans.jpg,https://raw.githubusercontent.com/dazeyama/klug-alters/main/7A_Mirari-2_scans.jpg
Mox Diamond,7A_Mox-Diamond-2_collages_cards.jpg,https://raw.githubusercontent.com/dazeyama/klug-alters/main/7A_Mox-Diamond-2_collages_cards.jpg
Mox Diamond,7A_Mox-Diamond-3_collages_cards.jpg,https://raw.githubusercontent.com/dazeyama/klug-alters/main/7A_Mox-Diamond-3_collages_cards.jpg
Mox Diamond,7A_Mox-Diamond-4_collages_cards.jpg,https://raw.githubusercontent.com/dazeyama/klug-alters/main/7A_Mox-Diamond-4_collages_cards.jpg
Mox Diamond,7A_Mox-Diamond_collages_cards.jpg,https://raw.githubusercontent.com/dazeyama/klug-alters/main/7A_Mox-Diamond_collages_cards.jpg
Mox Emerald,7A_Mox-Emerald-11_scans.jpg,https://raw.githubusercontent.com/dazeyama/klug-alters/main/7A_Mox-Emerald-11_scans.jpg
Mox Emerald,7A_Mox-Emerald-12_scans.jpg,https://raw.githubusercontent.com/dazeyama/klug-alters/main/7A_Mox-Emerald-12_scans.jpg
Mox Emerald,7A_Mox-Emerald-13_scans.jpg,https://raw.githubusercontent.com/dazeyama/klug-alters/main/7A_Mox-Emerald-13_scans.jpg
Mox Emerald,7A_Mox-Emerald-14_collages_cards.jpg,https://raw.githubusercontent.com/dazeyama/klug-alters/main/7A_Mox-Emerald-14_collages_cards.jpg
Mox Emerald,7A_Mox-Emerald-18_scans.jpg,https://raw.githubusercontent.com/dazeyama/klug-alters/main/7A_Mox-Emerald-18_scans.jpg
Mox Emerald,7A_Mox-Emerald-28_scans.jpg,https://raw.githubusercontent.com/dazeyama/klug-alters/main/7A_Mox-Emerald-28_scans.jpg
Mox Emerald,7A_Mox-Emerald-2_scans.jpg,https://raw.githubusercontent.com/dazeyama/klug-alters/main/7A_Mox-Emerald-2_scans.jpg
Mox Emerald,7A_Mox-Emerald-31_scans.jpg,https://raw.githubusercontent.com/dazeyama/klug-alters/main/7A_Mox-Emerald-31_scans.jpg
Mox Emerald,7A_Mox-Emerald-5_scans.jpg,https://raw.githubusercontent.com/dazeyama/klug-alters/main/7A_Mox-Emerald-5_scans.jpg
Mox Emerald,7A_Mox-Emerald-7_scans.jpg,https://raw.githubusercontent.com/dazeyama/klug-alters/main/7A_Mox-Emerald-7_scans.jpg
Mox Emerald,7A_Mox-Emerald-9_scans.jpg,https://raw.githubusercontent.com/dazeyama/klug-alters/main/7A_Mox-Emerald-9_scans.jpg
Mox Jet,7A_Mox-Jet-11_scans.jpg,https://raw.githubusercontent.com/dazeyama/klug-alters/main/7A_Mox-Jet-11_scans.jpg
Mox Jet,7A_Mox-Jet-12_scans.jpg,https://raw.githubusercontent.com/dazeyama/klug-alters/main/7A_Mox-Jet-12_scans.jpg
Mox Jet,7A_Mox-Jet-13_scans.jpg,https://raw.githubusercontent.com/dazeyama/klug-alters/main/7A_Mox-Jet-13_scans.jpg
Mox Jet,7A_Mox-Jet-17_scans.jpg,https://raw.githubusercontent.com/dazeyama/klug-alters/main/7A_Mox-Jet-17_scans.jpg
Mox Jet,7A_Mox-Jet-18_collages_cards.jpg,https://raw.githubusercontent.com/dazeyama/klug-alters/main/7A_Mox-Jet-18_collages_cards.jpg
Mox Jet,7A_Mox-Jet-19_insta_cropped.jpg,https://raw.githubusercontent.com/dazeyama/klug-alters/main/7A_Mox-Jet-19_insta_cropped.jpg
Mox Jet,7A_Mox-Jet-20_collages_cards.jpg,https://raw.githubusercontent.com/dazeyama/klug-alters/main/7A_Mox-Jet-20_collages_cards.jpg
Mox Jet,7A_Mox-Jet-21_scans.jpg,https://raw.githubusercontent.com/dazeyama/klug-alters/main/7A_Mox-Jet-21_scans.jpg
Mox Jet,7A_Mox-Jet-5_insta_cropped.jpg,https://raw.githubusercontent.com/dazeyama/klug-alters/main/7A_Mox-Jet-5_insta_cropped.jpg
Mox Jet,7A_Mox-Jet-6_scans.jpg,https://raw.githubusercontent.com/dazeyama/klug-alters/main/7A_Mox-Jet-6_scans.jpg
Mox Jet,7A_Mox-Jet-7_scans.jpg,https://raw.githubusercontent.com/dazeyama/klug-alters/main/7A_Mox-Jet-7_scans.jpg
Mox Jet,7A_Mox-Jet-8_scans.jpg,https://raw.githubusercontent.com/dazeyama/klug-alters/main/7A_Mox-Jet-8_scans.jpg
Mox Opal,7A_Mox-Opal-3_scans.jpg,https://raw.githubusercontent.com/dazeyama/klug-alters/main/7A_Mox-Opal-3_scans.jpg
Mox Opal,7A_Mox-Opal_insta_cropped.jpg,https://raw.githubusercontent.com/dazeyama/klug-alters/main/7A_Mox-Opal_insta_cropped.jpg
Mox Pearl,7A_Mox-Pearl-10_scans.jpg,https://raw.githubusercontent.com/dazeyama/klug-alters/main/7A_Mox-Pearl-10_scans.jpg
Mox Pearl,7A_Mox-Pearl-13_scans.jpg,https://raw.githubusercontent.com/dazeyama/klug-alters/main/7A_Mox-Pearl-13_scans.jpg
Mox Pearl,7A_Mox-Pearl-14_scans.jpg,https://raw.githubusercontent.com/dazeyama/klug-alters/main/7A_Mox-Pearl-14_scans.jpg
Mox Pearl,7A_Mox-Pearl-15_scans.jpg,https://raw.githubusercontent.com/dazeyama/klug-alters/main/7A_Mox-Pearl-15_scans.jpg
Mox Pearl,7A_Mox-Pearl-16_scans.jpg,https://raw.githubusercontent.com/dazeyama/klug-alters/main/7A_Mox-Pearl-16_scans.jpg
Mox Pearl,7A_Mox-Pearl-17_collages_cards.jpg,https://raw.githubusercontent.com/dazeyama/klug-alters/main/7A_Mox-Pearl-17_collages_cards.jpg
Mox Pearl,7A_Mox-Pearl-20_scans.jpg,https://raw.githubusercontent.com/dazeyama/klug-alters/main/7A_Mox-Pearl-20_scans.jpg
Mox Pearl,7A_Mox-Pearl-28_scans.jpg,https://raw.githubusercontent.com/dazeyama/klug-alters/main/7A_Mox-Pearl-28_scans.jpg
Mox Pearl,7A_Mox-Pearl-2_scans.jpg,https://raw.githubusercontent.com/dazeyama/klug-alters/main/7A_Mox-Pearl-2_scans.jpg
Mox Pearl,7A_Mox-Pearl-5_scans.jpg,https://raw.githubusercontent.com/dazeyama/klug-alters/main/7A_Mox-Pearl-5_scans.jpg
Mox Pearl,7A_Mox-Pearl-6_scans.jpg,https://raw.githubusercontent.com/dazeyama/klug-alters/main/7A_Mox-Pearl-6_scans.jpg
Mox Pearl,7A_Mox-Pearl-9_scans.jpg,https://raw.githubusercontent.com/dazeyama/klug-alters/main/7A_Mox-Pearl-9_scans.jpg
Mox Pearl,7A_Mox-Pearl.jpg,https://raw.githubusercontent.com/dazeyama/klug-alters/main/7A_Mox-Pearl.jpg
Mox Pearl,7A_Mox-Pearl_scans.jpg,https://raw.githubusercontent.com/dazeyama/klug-alters/main/7A_Mox-Pearl_scans.jpg
Mox Ruby,7A_Mox-Ruby-11_scans.jpg,https://raw.githubusercontent.com/dazeyama/klug-alters/main/7A_Mox-Ruby-11_scans.jpg
Mox Ruby,7A_Mox-Ruby-12_collages_cards.jpg,https://raw.githubusercontent.com/dazeyama/klug-alters/main/7A_Mox-Ruby-12_collages_cards.jpg
Mox Ruby,7A_Mox-Ruby-13_scans.jpg,https://raw.githubusercontent.com/dazeyama/klug-alters/main/7A_Mox-Ruby-13_scans.jpg
Mox Ruby,7A_Mox-Ruby-14_scans.jpg,https://raw.githubusercontent.com/dazeyama/klug-alters/main/7A_Mox-Ruby-14_scans.jpg
Mox Ruby,7A_Mox-Ruby-20_scans.jpg,https://raw.githubusercontent.com/dazeyama/klug-alters/main/7A_Mox-Ruby-20_scans.jpg
Mox Ruby,7A_Mox-Ruby-26_scans.jpg,https://raw.githubusercontent.com/dazeyama/klug-alters/main/7A_Mox-Ruby-26_scans.jpg
Mox Ruby,7A_Mox-Ruby-2_scans.jpg,https://raw.githubusercontent.com/dazeyama/klug-alters/main/7A_Mox-Ruby-2_scans.jpg
Mox Ruby,7A_Mox-Ruby-4_scans.jpg,https://raw.githubusercontent.com/dazeyama/klug-alters/main/7A_Mox-Ruby-4_scans.jpg
Mox Ruby,7A_Mox-Ruby-5_scans.jpg,https://raw.githubusercontent.com/dazeyama/klug-alters/main/7A_Mox-Ruby-5_scans.jpg
Mox Ruby,7A_Mox-Ruby-6_scans.jpg,https://raw.githubusercontent.com/dazeyama/klug-alters/main/7A_Mox-Ruby-6_scans.jpg
Mox Ruby,7A_Mox-Ruby-7_scans.jpg,https://raw.githubusercontent.com/dazeyama/klug-alters/main/7A_Mox-Ruby-7_scans.jpg
Mox Sapphire,7A_Mox-Sapphire-12_collages_cards.jpg,https://raw.githubusercontent.com/dazeyama/klug-alters/main/7A_Mox-Sapphire-12_collages_cards.jpg
Mox Sapphire,7A_Mox-Sapphire-14_scans.jpg,https://raw.githubusercontent.com/dazeyama/klug-alters/main/7A_Mox-Sapphire-14_scans.jpg
Mox Sapphire,7A_Mox-Sapphire-15_scans.jpg,https://raw.githubusercontent.com/dazeyama/klug-alters/main/7A_Mox-Sapphire-15_scans.jpg
Mox Sapphire,7A_Mox-Sapphire-17_scans.jpg,https://raw.githubusercontent.com/dazeyama/klug-alters/main/7A_Mox-Sapphire-17_scans.jpg
Mox Sapphire,7A_Mox-Sapphire-18_scans.jpg,https://raw.githubusercontent.com/dazeyama/klug-alters/main/7A_Mox-Sapphire-18_scans.jpg
Mox Sapphire,7A_Mox-Sapphire-21_scans.jpg,https://raw.githubusercontent.com/dazeyama/klug-alters/main/7A_Mox-Sapphire-21_scans.jpg
Mox Sapphire,7A_Mox-Sapphire-22_collages_cards.jpg,https://raw.githubusercontent.com/dazeyama/klug-alters/main/7A_Mox-Sapphire-22_collages_cards.jpg
Mox Sapphire,7A_Mox-Sapphire-23_scans.jpg,https://raw.githubusercontent.com/dazeyama/klug-alters/main/7A_Mox-Sapphire-23_scans.jpg
Mox Sapphire,7A_Mox-Sapphire-2_scans.jpg,https://raw.githubusercontent.com/dazeyama/klug-alters/main/7A_Mox-Sapphire-2_scans.jpg
Mox Sapphire,7A_Mox-Sapphire-3_scans.jpg,https://raw.githubusercontent.com/dazeyama/klug-alters/main/7A_Mox-Sapphire-3_scans.jpg
Mox Sapphire,7A_Mox-Sapphire-7_scans.jpg,https://raw.githubusercontent.com/dazeyama/klug-alters/main/7A_Mox-Sapphire-7_scans.jpg
Mox Sapphire,7A_Mox-Sapphire-8_scans.jpg,https://raw.githubusercontent.com/dazeyama/klug-alters/main/7A_Mox-Sapphire-8_scans.jpg
Oblivion Stone,7A_Oblivion-Stone_scans.jpg,https://raw.githubusercontent.com/dazeyama/klug-alters/main/7A_Oblivion-Stone_scans.jpg
Ornithopter,7A_Ornithopter_scans.jpg,https://raw.githubusercontent.com/dazeyama/klug-alters/main/7A_Ornithopter_scans.jpg
Phyrexian Dreadnought,7A_Phyrexian-Dreadnought-2_scans.jpg,https://raw.githubusercontent.com/dazeyama/klug-alters/main/7A_Phyrexian-Dreadnought-2_scans.jpg
Phyrexian Dreadnought,7A_Phyrexian-Dreadnought_scans.jpg,https://raw.githubusercontent.com/dazeyama/klug-alters/main/7A_Phyrexian-Dreadnought_scans.jpg
Platinum Angel,7A_Platinum-Angel_scans.jpg,https://raw.githubusercontent.com/dazeyama/klug-alters/main/7A_Platinum-Angel_scans.jpg
Power Armor,7A_Power-Armor_scans.jpg,https://raw.githubusercontent.com/dazeyama/klug-alters/main/7A_Power-Armor_scans.jpg
Sapphire Medallion,7A_Sapphire-Medallion_scans.jpg,https://raw.githubusercontent.com/dazeyama/klug-alters/main/7A_Sapphire-Medallion_scans.jpg
Sensei's Divining Top,7A_Sensei's-Divining-Top_scans.jpg,https://raw.githubusercontent.com/dazeyama/klug-alters/main/7A_Sensei%27s-Divining-Top_scans.jpg
Sharuum the Hegemon,7A_Sharuum-the-Hegemon-2_scans.jpg,https://raw.githubusercontent.com/dazeyama/klug-alters/main/7A_Sharuum-the-Hegemon-2_scans.jpg
Silent Arbiter,7A_Silent-Arbiter_scans.jpg,https://raw.githubusercontent.com/dazeyama/klug-alters/main/7A_Silent-Arbiter_scans.jpg
Smuggler's Copter,7A_Smuggler's-Copter-4_scans.jpg,https://raw.githubusercontent.com/dazeyama/klug-alters/main/7A_Smuggler%27s-Copter-4_scans.jpg
Sol Ring,7A_Sol-Ring-12_scans.jpg,https://raw.githubusercontent.com/dazeyama/klug-alters/main/7A_Sol-Ring-12_scans.jpg
Sol Ring,7A_Sol-Ring-13_scans.jpg,https://raw.githubusercontent.com/dazeyama/klug-alters/main/7A_Sol-Ring-13_scans.jpg
Sol Ring,7A_Sol-Ring-19_scans.jpg,https://raw.githubusercontent.com/dazeyama/klug-alters/main/7A_Sol-Ring-19_scans.jpg
Sol Ring,7A_Sol-Ring-3_scans.jpg,https://raw.githubusercontent.com/dazeyama/klug-alters/main/7A_Sol-Ring-3_scans.jpg
Sol Ring,7A_Sol-Ring-4_scans.jpg,https://raw.githubusercontent.com/dazeyama/klug-alters/main/7A_Sol-Ring-4_scans.jpg
Sol Ring,7A_Sol-Ring-6_insta_cropped.jpg,https://raw.githubusercontent.com/dazeyama/klug-alters/main/7A_Sol-Ring-6_insta_cropped.jpg
Sol Ring,7A_Sol-Ring-7_insta_cropped.jpg,https://raw.githubusercontent.com/dazeyama/klug-alters/main/7A_Sol-Ring-7_insta_cropped.jpg
Sol Ring,7A_Sol-Ring-9_scans.jpg,https://raw.githubusercontent.com/dazeyama/klug-alters/main/7A_Sol-Ring-9_scans.jpg
Solemn Simulacrum,7A_Solemn-Simulacrum-4_insta_cropped.jpg,https://raw.githubusercontent.com/dazeyama/klug-alters/main/7A_Solemn-Simulacrum-4_insta_cropped.jpg
Solemn Simulacrum,7A_Solemn-Simulacrum-5_scans.jpg,https://raw.githubusercontent.com/dazeyama/klug-alters/main/7A_Solemn-Simulacrum-5_scans.jpg
Solemn Simulacrum,7A_Solemn-Simulacrum_scans.jpg,https://raw.githubusercontent.com/dazeyama/klug-alters/main/7A_Solemn-Simulacrum_scans.jpg
Sundial of the Infinite,7A_Sundial-of-the-Infinite_scans.jpg,https://raw.githubusercontent.com/dazeyama/klug-alters/main/7A_Sundial-of-the-Infinite_scans.jpg
Sword of Body and Mind,7A_Sword-of-Body-and-Mind-2_scans.jpg,https://raw.githubusercontent.com/dazeyama/klug-alters/main/7A_Sword-of-Body-and-Mind-2_scans.jpg
Sword of Body and Mind,7A_Sword-of-Body-and-Mind-3_scans.jpg,https://raw.githubusercontent.com/dazeyama/klug-alters/main/7A_Sword-of-Body-and-Mind-3_scans.jpg
Sword of Feast and Famine,7A_Sword-of-Feast-and-Famine-2_scans.jpg,https://raw.githubusercontent.com/dazeyama/klug-alters/main/7A_Sword-of-Feast-and-Famine-2_scans.jpg
Sword of Feast and Famine,7A_Sword-of-Feast-and-Famine-3_scans.jpg,https://raw.githubusercontent.com/dazeyama/klug-alters/main/7A_Sword-of-Feast-and-Famine-3_scans.jpg
Sword of Feast and Famine,7A_Sword-of-Feast-and-Famine-5_scans.jpg,https://raw.githubusercontent.com/dazeyama/klug-alters/main/7A_Sword-of-Feast-and-Famine-5_scans.jpg
Sword of Fire and Ice,7A_Sword-of-Fire-and-Ice-2_scans.jpg,https://raw.githubusercontent.com/dazeyama/klug-alters/main/7A_Sword-of-Fire-and-Ice-2_scans.jpg
Sword of Fire and Ice,7A_Sword-of-Fire-and-Ice-4_scans.jpg,https://raw.githubusercontent.com/dazeyama/klug-alters/main/7A_Sword-of-Fire-and-Ice-4_scans.jpg
Sword of Fire and Ice,7A_Sword-of-Fire-and-Ice-5_scans.jpg,https://raw.githubusercontent.com/dazeyama/klug-alters/main/7A_Sword-of-Fire-and-Ice-5_scans.jpg
Sword of Fire and Ice,7A_Sword-of-Fire-and-Ice-6_insta_cropped.jpg,https://raw.githubusercontent.com/dazeyama/klug-alters/main/7A_Sword-of-Fire-and-Ice-6_insta_cropped.jpg
Sword of Fire and Ice,7A_Sword-of-Fire-and-Ice-7_scans.jpg,https://raw.githubusercontent.com/dazeyama/klug-alters/main/7A_Sword-of-Fire-and-Ice-7_scans.jpg
Sword of Fire and Ice,7A_Sword-of-Fire-and-Ice-8_scans.jpg,https://raw.githubusercontent.com/dazeyama/klug-alters/main/7A_Sword-of-Fire-and-Ice-8_scans.jpg
Sword of Fire and Ice,7A_Sword-of-Fire-and-Ice_insta_cropped.jpg,https://raw.githubusercontent.com/dazeyama/klug-alters/main/7A_Sword-of-Fire-and-Ice_insta_cropped.jpg
Sword of Light and Shadow,7A_Sword-of-Light-and-Shadow-2_scans.jpg,https://raw.githubusercontent.com/dazeyama/klug-alters/main/7A_Sword-of-Light-and-Shadow-2_scans.jpg
Sword of Light and Shadow,7A_Sword-of-Light-and-Shadow-3_scans.jpg,https://raw.githubusercontent.com/dazeyama/klug-alters/main/7A_Sword-of-Light-and-Shadow-3_scans.jpg
Sword of Light and Shadow,7A_Sword-of-Light-and-Shadow-4_scans.jpg,https://raw.githubusercontent.com/dazeyama/klug-alters/main/7A_Sword-of-Light-and-Shadow-4_scans.jpg
Sword of Light and Shadow,7A_Sword-of-Light-and-Shadow_scans.jpg,https://raw.githubusercontent.com/dazeyama/klug-alters/main/7A_Sword-of-Light-and-Shadow_scans.jpg
Sword of War and Peace,7A_Sword-of-War-and-Peace_scans.jpg,https://raw.githubusercontent.com/dazeyama/klug-alters/main/7A_Sword-of-War-and-Peace_scans.jpg
Time Vault,7A_Time-Vault-2_scans.jpg,https://raw.githubusercontent.com/dazeyama/klug-alters/main/7A_Time-Vault-2_scans.jpg
Time Vault,7A_Time-Vault-4_scans.jpg,https://raw.githubusercontent.com/dazeyama/klug-alters/main/7A_Time-Vault-4_scans.jpg
Transmogrifying Wand,7A_Transmogrifying-Wand_insta_cropped.jpg,https://raw.githubusercontent.com/dazeyama/klug-alters/main/7A_Transmogrifying-Wand_insta_cropped.jpg
"Ugin, the Spirit Dragon","7A_Ugin,-the-Spirit-Dragon-2_scans.jpg",https://raw.githubusercontent.com/dazeyama/klug-alters/main/7A_Ugin%2C-the-Spirit-Dragon-2_scans.jpg
"Ugin, the Spirit Dragon","7A_Ugin,-the-Spirit-Dragon_collages_cards.jpg",https://raw.githubusercontent.com/dazeyama/klug-alters/main/7A_Ugin%2C-the-Spirit-Dragon_collages_cards.jpg
"Ugin, the Spirit Dragon","7A_Ugin,-the-Spirit-Dragon_insta_cropped.jpg",https://raw.githubusercontent.com/dazeyama/klug-alters/main/7A_Ugin%2C-the-Spirit-Dragon_insta_cropped.jpg
"Ulamog, the Ceaseless Hunger","7A_Ulamog,-the-Ceaseless-Hunger-4_scans.jpg",https://raw.githubusercontent.com/dazeyama/klug-alters/main/7A_Ulamog%2C-the-Ceaseless-Hunger-4_scans.jpg
"Ulamog, the Ceaseless Hunger","7A_Ulamog,-the-Ceaseless-Hunger-5_scans.jpg",https://raw.githubusercontent.com/dazeyama/klug-alters/main/7A_Ulamog%2C-the-Ceaseless-Hunger-5_scans.jpg
Umezawa's Jitte,7A_Umezawa's-Jitte_scans.jpg,https://raw.githubusercontent.com/dazeyama/klug-alters/main/7A_Umezawa%27s-Jitte_scans.jpg
Walking Ballista,7A_Walking-Ballista-3_scans.jpg,https://raw.githubusercontent.com/dazeyama/klug-alters/main/7A_Walking-Ballista-3_scans.jpg
Winter Orb,7A_Winter-Orb_scans.jpg,https://raw.githubusercontent.com/dazeyama/klug-alters/main/7A_Winter-Orb_scans.jpg
Worn Powerstone,7A_Worn-Powerstone_scans.jpg,https://raw.githubusercontent.com/dazeyama/klug-alters/main/7A_Worn-Powerstone_scans.jpg
Wurmcoil Engine,7A_Wurmcoil-Engine_scans.jpg,https://raw.githubusercontent.com/dazeyama/klug-alters/main/7A_Wurmcoil-Engine_scans.jpg
Arid Mesa,8L_Arid-Mesa_scans.jpg,https://raw.githubusercontent.com/dazeyama/klug-alters/main/8L_Arid-Mesa_scans.jpg
Badlands,8L_Badlands-2_scans.jpg,https://raw.githubusercontent.com/dazeyama/klug-alters/main/8L_Badlands-2_scans.jpg
Badlands,8L_Badlands_scans.jpg,https://raw.githubusercontent.com/dazeyama/klug-alters/main/8L_Badlands_scans.jpg
Bayou,8L_Bayou-2_scans.jpg,https://raw.githubusercontent.com/dazeyama/klug-alters/main/8L_Bayou-2_scans.jpg
Bayou,8L_Bayou_scans.jpg,https://raw.githubusercontent.com/dazeyama/klug-alters/main/8L_Bayou_scans.jpg
Bazaar of Baghdad,8L_Bazaar-of-Baghdad_scans.jpg,https://raw.githubusercontent.com/dazeyama/klug-alters/main/8L_Bazaar-of-Baghdad_scans.jpg
Bloodstained Mire,8L_Bloodstained-Mire-2_scans.jpg,https://raw.githubusercontent.com/dazeyama/klug-alters/main/8L_Bloodstained-Mire-2_scans.jpg
Bloodstained Mire,8L_Bloodstained-Mire_scans.jpg,https://raw.githubusercontent.com/dazeyama/klug-alters/main/8L_Bloodstained-Mire_scans.jpg
Cavern of Souls,8L_Cavern-of-Souls_scans.jpg,https://raw.githubusercontent.com/dazeyama/klug-alters/main/8L_Cavern-of-Souls_scans.jpg
Command Tower,8L_Command-Tower-2_collages_cards.jpg,https://raw.githubusercontent.com/dazeyama/klug-alters/main/8L_Command-Tower-2_collages_cards.jpg
Command Tower,8L_Command-Tower-4_scans.jpg,https://raw.githubusercontent.com/dazeyama/klug-alters/main/8L_Command-Tower-4_scans.jpg
Command Tower,8L_Command-Tower-5_scans.jpg,https://raw.githubusercontent.com/dazeyama/klug-alters/main/8L_Command-Tower-5_scans.jpg
Command Tower,8L_Command-Tower-6_scans.jpg,https://raw.githubusercontent.com/dazeyama/klug-alters/main/8L_Command-Tower-6_scans.jpg
Dark Depths,8L_Dark-Depths_scans.jpg,https://raw.githubusercontent.com/dazeyama/klug-alters/main/8L_Dark-Depths_scans.jpg
Diamond Valley,8L_Diamond-Valley_scans.jpg,https://raw.githubusercontent.com/dazeyama/klug-alters/main/8L_Diamond-Valley_scans.jpg
Fabled Passage,8L_Fabled-Passage-3_scans.jpg,https://raw.githubusercontent.com/dazeyama/klug-alters/main/8L_Fabled-Passage-3_scans.jpg
Flooded Strand,8L_Flooded-Strand_scans.jpg,https://raw.githubusercontent.com/dazeyama/klug-alters/main/8L_Flooded-Strand_scans.jpg
Forest,8L_Forest-3_scans.jpg,https://raw.githubusercontent.com/dazeyama/klug-alters/main/8L_Forest-3_scans.jpg
Forest,8L_Forest-4_scans.jpg,https://raw.githubusercontent.com/dazeyama/klug-alters/main/8L_Forest-4_scans.jpg
Forest,8L_Forest-5_collages_cards.jpg,https://raw.githubusercontent.com/dazeyama/klug-alters/main/8L_Forest-5_collages_cards.jpg
Forest,8L_Forest-6_collages_cards.jpg,https://raw.githubusercontent.com/dazeyama/klug-alters/main/8L_Forest-6_collages_cards.jpg
Forest,8L_Forest_collages_cards.jpg,https://raw.githubusercontent.com/dazeyama/klug-alters/main/8L_Forest_collages_cards.jpg
Gaea's Cradle,8L_Gaea's-Cradle_scans.jpg,https://raw.githubusercontent.com/dazeyama/klug-alters/main/8L_Gaea%27s-Cradle_scans.jpg
Grove of the Burnwillows,8L_Grove-of-the-Burnwillows_scans.jpg,https://raw.githubusercontent.com/dazeyama/klug-alters/main/8L_Grove-of-the-Burnwillows_scans.jpg
Hallowed Fountain,8L_Hallowed-Fountain-3_scans.jpg,https://raw.githubusercontent.com/dazeyama/klug-alters/main/8L_Hallowed-Fountain-3_scans.jpg
Hedge Maze,8L_Hedge-Maze_scans.jpg,https://raw.githubusercontent.com/dazeyama/klug-alters/main/8L_Hedge-Maze_scans.jpg
Homeward Path,8L_Homeward-Path_scans.jpg,https://raw.githubusercontent.com/dazeyama/klug-alters/main/8L_Homeward-Path_scans.jpg
Inkmoth Nexus,8L_Inkmoth-Nexus-2_scans.jpg,https://raw.githubusercontent.com/dazeyama/klug-alters/main/8L_Inkmoth-Nexus-2_scans.jpg
Inkmoth Nexus,8L_Inkmoth-Nexus_insta_cropped.jpg,https://raw.githubusercontent.com/dazeyama/klug-alters/main/8L_Inkmoth-Nexus_insta_cropped.jpg
Island,8L_Island-10_collages_cards.jpg,https://raw.githubusercontent.com/dazeyama/klug-alters/main/8L_Island-10_collages_cards.jpg
Island,8L_Island-12_scans.jpg,https://raw.githubusercontent.com/dazeyama/klug-alters/main/8L_Island-12_scans.jpg
Island,8L_Island-13_scans.jpg,https://raw.githubusercontent.com/dazeyama/klug-alters/main/8L_Island-13_scans.jpg
Island,8L_Island-2_collages_cards.jpg,https://raw.githubusercontent.com/dazeyama/klug-alters/main/8L_Island-2_collages_cards.jpg
Island,8L_Island-2_scans.jpg,https://raw.githubusercontent.com/dazeyama/klug-alters/main/8L_Island-2_scans.jpg
Island,8L_Island-5_scans.jpg,https://raw.githubusercontent.com/dazeyama/klug-alters/main/8L_Island-5_scans.jpg
Island,8L_Island-6_scans.jpg,https://raw.githubusercontent.com/dazeyama/klug-alters/main/8L_Island-6_scans.jpg
Island,8L_Island-9_scans.jpg,https://raw.githubusercontent.com/dazeyama/klug-alters/main/8L_Island-9_scans.jpg
Island,8L_Island_scans.jpg,https://raw.githubusercontent.com/dazeyama/klug-alters/main/8L_Island_scans.jpg
Library of Alexandria,8L_Library-of-Alexandria-2_scans.jpg,https://raw.githubusercontent.com/dazeyama/klug-alters/main/8L_Library-of-Alexandria-2_scans.jpg
Library of Alexandria,8L_Library-of-Alexandria-3_scans.jpg,https://raw.githubusercontent.com/dazeyama/klug-alters/main/8L_Library-of-Alexandria-3_scans.jpg
Library of Alexandria,8L_Library-of-Alexandria-4_scans.jpg,https://raw.githubusercontent.com/dazeyama/klug-alters/main/8L_Library-of-Alexandria-4_scans.jpg
Library of Alexandria,8L_Library-of-Alexandria_scans.jpg,https://raw.githubusercontent.com/dazeyama/klug-alters/main/8L_Library-of-Alexandria_scans.jpg
Marsh Flats,8L_Marsh-Flats-3_scans.jpg,https://raw.githubusercontent.com/dazeyama/klug-alters/main/8L_Marsh-Flats-3_scans.jpg
Maze of Ith,8L_Maze-of-Ith_insta_cropped.jpg,https://raw.githubusercontent.com/dazeyama/klug-alters/main/8L_Maze-of-Ith_insta_cropped.jpg
Mishra's Workshop,8L_Mishra's-Workshop-2_insta_cropped.jpg,https://raw.githubusercontent.com/dazeyama/klug-alters/main/8L_Mishra%27s-Workshop-2_insta_cropped.jpg
Mishra's Workshop,8L_Mishra's-Workshop_scans.jpg,https://raw.githubusercontent.com/dazeyama/klug-alters/main/8L_Mishra%27s-Workshop_scans.jpg
Misty Rainforest,8L_Misty-Rainforest_insta_cropped.jpg,https://raw.githubusercontent.com/dazeyama/klug-alters/main/8L_Misty-Rainforest_insta_cropped.jpg
Mountain,8L_Mountain-2_collages_cards.jpg,https://raw.githubusercontent.com/dazeyama/klug-alters/main/8L_Mountain-2_collages_cards.jpg
Mountain,8L_Mountain-2_scans.jpg,https://raw.githubusercontent.com/dazeyama/klug-alters/main/8L_Mountain-2_scans.jpg
Mountain,8L_Mountain-3_scans.jpg,https://raw.githubusercontent.com/dazeyama/klug-alters/main/8L_Mountain-3_scans.jpg
Mountain,8L_Mountain-4_collages_cards.jpg,https://raw.githubusercontent.com/dazeyama/klug-alters/main/8L_Mountain-4_collages_cards.jpg
Mountain,8L_Mountain-7_scans.jpg,https://raw.githubusercontent.com/dazeyama/klug-alters/main/8L_Mountain-7_scans.jpg
Mountain,8L_Mountain-9_collages_cards.jpg,https://raw.githubusercontent.com/dazeyama/klug-alters/main/8L_Mountain-9_collages_cards.jpg
Mountain,8L_Mountain_scans.jpg,https://raw.githubusercontent.com/dazeyama/klug-alters/main/8L_Mountain_scans.jpg
Mystic Sanctuary,8L_Mystic-Sanctuary-2_collages_cards.jpg,https://raw.githubusercontent.com/dazeyama/klug-alters/main/8L_Mystic-Sanctuary-2_collages_cards.jpg
Plains,8L_Plains-2_scans.jpg,https://raw.githubusercontent.com/dazeyama/klug-alters/main/8L_Plains-2_scans.jpg
Plains,8L_Plains-3_collages_cards.jpg,https://raw.githubusercontent.com/dazeyama/klug-alters/main/8L_Plains-3_collages_cards.jpg
Plains,8L_Plains-4_scans.jpg,https://raw.githubusercontent.com/dazeyama/klug-alters/main/8L_Plains-4_scans.jpg
Plains,8L_Plains-5_scans.jpg,https://raw.githubusercontent.com/dazeyama/klug-alters/main/8L_Plains-5_scans.jpg
Plains,8L_Plains-6_collages_cards.jpg,https://raw.githubusercontent.com/dazeyama/klug-alters/main/8L_Plains-6_collages_cards.jpg
Plains,8L_Plains-7_scans.jpg,https://raw.githubusercontent.com/dazeyama/klug-alters/main/8L_Plains-7_scans.jpg
Plains,8L_Plains-8_scans.jpg,https://raw.githubusercontent.com/dazeyama/klug-alters/main/8L_Plains-8_scans.jpg
Plateau,8L_Plateau-3_scans.jpg,https://raw.githubusercontent.com/dazeyama/klug-alters/main/8L_Plateau-3_scans.jpg
Plateau,8L_Plateau-4_scans.jpg,https://raw.githubusercontent.com/dazeyama/klug-alters/main/8L_Plateau-4_scans.jpg
Plateau,8L_Plateau_scans.jpg,https://raw.githubusercontent.com/dazeyama/klug-alters/main/8L_Plateau_scans.jpg
Polluted Delta,8L_Polluted-Delta-2_collages_cards.jpg,https://raw.githubusercontent.com/dazeyama/klug-alters/main/8L_Polluted-Delta-2_collages_cards.jpg
Prismatic Vista,8L_Prismatic-Vista-2_scans.jpg,https://raw.githubusercontent.com/dazeyama/klug-alters/main/8L_Prismatic-Vista-2_scans.jpg
Reflecting Pool,8L_Reflecting-Pool-2_scans.jpg,https://raw.githubusercontent.com/dazeyama/klug-alters/main/8L_Reflecting-Pool-2_scans.jpg
Reflecting Pool,8L_Reflecting-Pool_scans.jpg,https://raw.githubusercontent.com/dazeyama/klug-alters/main/8L_Reflecting-Pool_scans.jpg
Rishadan Port,8L_Rishadan-Port-2_scans.jpg,https://raw.githubusercontent.com/dazeyama/klug-alters/main/8L_Rishadan-Port-2_scans.jpg
Rishadan Port,8L_Rishadan-Port_insta_cropped.jpg,https://raw.githubusercontent.com/dazeyama/klug-alters/main/8L_Rishadan-Port_insta_cropped.jpg
Rishadan Port,8L_Rishadan-Port_scans.jpg,https://raw.githubusercontent.com/dazeyama/klug-alters/main/8L_Rishadan-Port_scans.jpg
Savannah,8L_Savannah-3_scans.jpg,https://raw.githubusercontent.com/dazeyama/klug-alters/main/8L_Savannah-3_scans.jpg
Savannah,8L_Savannah_scans.jpg,https://raw.githubusercontent.com/dazeyama/klug-alters/main/8L_Savannah_scans.jpg
Scalding Tarn,8L_Scalding-Tarn_scans.jpg,https://raw.githubusercontent.com/dazeyama/klug-alters/main/8L_Scalding-Tarn_scans.jpg
Scrubland,8L_Scrubland_collages_cards.jpg,https://raw.githubusercontent.com/dazeyama/klug-alters/main/8L_Scrubland_collages_cards.jpg
Snow-Covered Forest,8L_Snow-Covered-Forest_insta_cropped.jpg,https://raw.githubusercontent.com/dazeyama/klug-alters/main/8L_Snow-Covered-Forest_insta_cropped.jpg
Steam Vents,8L_Steam-Vents-2_scans.jpg,https://raw.githubusercontent.com/dazeyama/klug-alters/main/8L_Steam-Vents-2_scans.jpg
Swamp,8L_Swamp-3_scans.jpg,https://raw.githubusercontent.com/dazeyama/klug-alters/main/8L_Swamp-3_scans.jpg
Swamp,8L_Swamp-4_scans.jpg,https://raw.githubusercontent.com/dazeyama/klug-alters/main/8L_Swamp-4_scans.jpg
Swamp,8L_Swamp-6_scans.jpg,https://raw.githubusercontent.com/dazeyama/klug-alters/main/8L_Swamp-6_scans.jpg
Swamp,8L_Swamp-8_scans.jpg,https://raw.githubusercontent.com/dazeyama/klug-alters/main/8L_Swamp-8_scans.jpg
Swamp,8L_Swamp-9_scans.jpg,https://raw.githubusercontent.com/dazeyama/klug-alters/main/8L_Swamp-9_scans.jpg
Swamp,8L_Swamp_collages_cards.jpg,https://raw.githubusercontent.com/dazeyama/klug-alters/main/8L_Swamp_collages_cards.jpg
Taiga,8L_Taiga-3_scans.jpg,https://raw.githubusercontent.com/dazeyama/klug-alters/main/8L_Taiga-3_scans.jpg
Taiga,8L_Taiga_collages_cards.jpg,https://raw.githubusercontent.com/dazeyama/klug-alters/main/8L_Taiga_collages_cards.jpg
Thawing Glaciers,8L_Thawing-Glaciers_scans.jpg,https://raw.githubusercontent.com/dazeyama/klug-alters/main/8L_Thawing-Glaciers_scans.jpg
The Tabernacle at Pendrell Vale,8L_The-Tabernacle-at-Pendrell-Vale_scans.jpg,https://raw.githubusercontent.com/dazeyama/klug-alters/main/8L_The-Tabernacle-at-Pendrell-Vale_scans.jpg
Tolarian Academy,8L_Tolarian-Academy_scans.jpg,https://raw.githubusercontent.com/dazeyama/klug-alters/main/8L_Tolarian-Academy_scans.jpg
Tropical Island,8L_Tropical-Island-2_scans.jpg,https://raw.githubusercontent.com/dazeyama/klug-alters/main/8L_Tropical-Island-2_scans.jpg
Tropical Island,8L_Tropical-Island-3_collages_cards.jpg,https://raw.githubusercontent.com/dazeyama/klug-alters/main/8L_Tropical-Island-3_collages_cards.jpg
Tundra,8L_Tundra-2_scans.jpg,https://raw.githubusercontent.com/dazeyama/klug-alters/main/8L_Tundra-2_scans.jpg
Tundra,8L_Tundra_insta_cropped.jpg,https://raw.githubusercontent.com/dazeyama/klug-alters/main/8L_Tundra_insta_cropped.jpg
Underground Sea,8L_Underground-Sea_scans.jpg,https://raw.githubusercontent.com/dazeyama/klug-alters/main/8L_Underground-Sea_scans.jpg
Undiscovered Paradise,8L_Undiscovered-Paradise_scans.jpg,https://raw.githubusercontent.com/dazeyama/klug-alters/main/8L_Undiscovered-Paradise_scans.jpg
"Urborg, Tomb of Yawgmoth","8L_Urborg,-Tomb-of-Yawgmoth-2_scans.jpg",https://raw.githubusercontent.com/dazeyama/klug-alters/main/8L_Urborg%2C-Tomb-of-Yawgmoth-2_scans.jpg
"Urborg, Tomb of Yawgmoth","8L_Urborg,-Tomb-of-Yawgmoth_scans.jpg",https://raw.githubusercontent.com/dazeyama/klug-alters/main/8L_Urborg%2C-Tomb-of-Yawgmoth_scans.jpg
"Valakut, the Molten Pinnacle","8L_Valakut,-the-Molten-Pinnacle-2_scans.jpg",https://raw.githubusercontent.com/dazeyama/klug-alters/main/8L_Valakut%2C-the-Molten-Pinnacle-2_scans.jpg
"Valakut, the Molten Pinnacle","8L_Valakut,-the-Molten-Pinnacle-3_scans.jpg",https://raw.githubusercontent.com/dazeyama/klug-alters/main/8L_Valakut%2C-the-Molten-Pinnacle-3_scans.jpg
"Valakut, the Molten Pinnacle","8L_Valakut,-the-Molten-Pinnacle_scans.jpg",https://raw.githubusercontent.com/dazeyama/klug-alters/main/8L_Valakut%2C-the-Molten-Pinnacle_scans.jpg
Verdant Catacombs,8L_Verdant-Catacombs-2_scans.jpg,https://raw.githubusercontent.com/dazeyama/klug-alters/main/8L_Verdant-Catacombs-2_scans.jpg
Verdant Catacombs,8L_Verdant-Catacombs-3_collages_cards.jpg,https://raw.githubusercontent.com/dazeyama/klug-alters/main/8L_Verdant-Catacombs-3_collages_cards.jpg
Volcanic Island,8L_Volcanic-Island_scans.jpg,https://raw.githubusercontent.com/dazeyama/klug-alters/main/8L_Volcanic-Island_scans.jpg
Volrath's Stronghold,8L_Volrath's-Stronghold_scans.jpg,https://raw.githubusercontent.com/dazeyama/klug-alters/main/8L_Volrath%27s-Stronghold_scans.jpg
Wasteland,8L_Wasteland-2_collages_cards.jpg,https://raw.githubusercontent.com/dazeyama/klug-alters/main/8L_Wasteland-2_collages_cards.jpg
Wasteland,8L_Wasteland-2_scans.jpg,https://raw.githubusercontent.com/dazeyama/klug-alters/main/8L_Wasteland-2_scans.jpg
Wasteland,8L_Wasteland-3_scans.jpg,https://raw.githubusercontent.com/dazeyama/klug-alters/main/8L_Wasteland-3_scans.jpg
Wasteland,8L_Wasteland-4_collages_cards.jpg,https://raw.githubusercontent.com/dazeyama/klug-alters/main/8L_Wasteland-4_collages_cards.jpg
Wasteland,8L_Wasteland-4_scans.jpg,https://raw.githubusercontent.com/dazeyama/klug-alters/main/8L_Wasteland-4_scans.jpg
Wasteland,8L_Wasteland_scans.jpg,https://raw.githubusercontent.com/dazeyama/klug-alters/main/8L_Wasteland_scans.jpg
Wastes,8L_Wastes_insta_cropped.jpg,https://raw.githubusercontent.com/dazeyama/klug-alters/main/8L_Wastes_insta_cropped.jpg
Watery Grave,8L_Watery-Grave-2_collages_cards.jpg,https://raw.githubusercontent.com/dazeyama/klug-alters/main/8L_Watery-Grave-2_collages_cards.jpg
Windswept Heath,8L_Windswept-Heath-3_scans.jpg,https://raw.githubusercontent.com/dazeyama/klug-alters/main/8L_Windswept-Heath-3_scans.jpg
Windswept Heath,8L_Windswept-Heath-4_scans.jpg,https://raw.githubusercontent.com/dazeyama/klug-alters/main/8L_Windswept-Heath-4_scans.jpg
Wooded Foothills,8L_Wooded-Foothills-2_scans.jpg,https://raw.githubusercontent.com/dazeyama/klug-alters/main/8L_Wooded-Foothills-2_scans.jpg
Wooded Foothills,8L_Wooded-Foothills-4_scans.jpg,https://raw.githubusercontent.com/dazeyama/klug-alters/main/8L_Wooded-Foothills-4_scans.jpg
Angel,9T_Angel-2_collages_cards.jpg,https://raw.githubusercontent.com/dazeyama/klug-alters/main/9T_Angel-2_collages_cards.jpg
Angel,9T_Angel_collages_cards.jpg,https://raw.githubusercontent.com/dazeyama/klug-alters/main/9T_Angel_collages_cards.jpg
"Archangel Avacyn // Avacyn, the Purifier","9T_Archangel-Avacyn-Avacyn,-the-Purifier_insta_cropped.jpg",https://raw.githubusercontent.com/dazeyama/klug-alters/main/9T_Archangel-Avacyn-Avacyn%2C-the-Purifier_insta_cropped.jpg
Delver of Secrets // Insectile Aberration,9T_Delver-of-Secrets-Insectile-Aberration_scans.jpg,https://raw.githubusercontent.com/dazeyama/klug-alters/main/9T_Delver-of-Secrets-Insectile-Aberration_scans.jpg
Germ,9T_Germ_insta_cropped.jpg,https://raw.githubusercontent.com/dazeyama/klug-alters/main/9T_Germ_insta_cropped.jpg
Marit Lage,9T_Marit-Lage-2_scans.jpg,https://raw.githubusercontent.com/dazeyama/klug-alters/main/9T_Marit-Lage-2_scans.jpg
Sand Warrior,9T_Sand-Warrior_scans.jpg,https://raw.githubusercontent.com/dazeyama/klug-alters/main/9T_Sand-Warrior_scans.jpg
Vampire,9T_Vampire_scans.jpg,https://raw.githubusercontent.com/dazeyama/klug-alters/main/9T_Vampire_scans.jpg
Wurm,9T_Wurm-2_collages_cards.jpg,https://raw.githubusercontent.com/dazeyama/klug-alters/main/9T_Wurm-2_collages_cards.jpg
Wurm,9T_Wurm_collages_cards.jpg,https://raw.githubusercontent.com/dazeyama/klug-alters/main/9T_Wurm_collages_cards.jpg
